variable,label,question,valid_range,missing_codes,years_available,has_notes,n_value_labels
VCF0004,Year of Study,Year of study (4-digit),,,,No,0
VCF0006,Study Respondent Number: Year-level Case ID,Case identification number,,,"1948, 1952, 1956, 1958, 1960, 1962, 1964, 1966, 1968, 1970, 1972, 1974, 1976, 1978, 1980, 1982, 1984, 1986, 1988, 1990, 1992, 1994, 1996, 1998, 2000, 2002, 2004, 2008, 2012, 2016, 2020, 2024",Yes,0
VCF0006a,Unique Respondent Number (Cross-year ID for panel cases),Unique identification number,,,,Yes,0
VCF0009x,"Weight: For 1970 type 0 - 2012, 2016, 2024 FTF sample","CDF Weight: 1970 type 0 - 2012,2016,2024 FTF sample",,,"1958, 1960, 1974, 1976, 1992, 1994, 1996, 1998, 2000, 2002, 2004, 2008, 2012, 2016, 2024",Yes,0
VCF0009y,"Weight: For 1970 type 0 - 2012, 2016, 2024 Web sample","CDF Weight: 1970 type 0 - 2012,2016,2024 Web sample",,,"1958, 1960, 1974, 1976, 1992, 1994, 1996, 1998, 2000, 2002, 2004, 2008, 2012, 2016, 2024",Yes,0
VCF0009z,Weight: For 1970 type 0 - 2012-2024 full sample,"CDF Weight: 1970 type 0 - 2012,2016,2020,2024 full sample",,,"1958, 1960, 1974, 1976, 1992, 1994, 1996, 1998, 2000, 2002, 2004, 2008, 2012, 2016, 2020, 2024",Yes,0
VCF0010x,"Weight: For 1970 type 1 - 2012, 2016, 2024 FTF sample","CDF Weight: 1970 type 1 - 2012,2016,2024 FTF sample",,,"1958, 1960, 1970, 1974, 1976, 1992, 1994, 1996, 1998, 2000, 2002, 2004, 2008, 2012, 2016, 2024",Yes,0
VCF0010y,"Weight: For 1970 type 1 - 2012, 2016, 2024 Web sample","CDF Weight: 1970 type 1 - 2012,2016,2024 Web sample",,,"1958, 1960, 1970, 1974, 1976, 1992, 1994, 1996, 1998, 2000, 2002, 2004, 2008, 2012, 2016, 2024",Yes,0
VCF0010z,Weight: For 1970 type 1 - 2012-2024 full sample,"CDF Weight: 1970 type 1 - 2012,2016,2020,2024 full sample",,,"1958, 1960, 1970, 1974, 1976, 1992, 1994, 1996, 1998, 2000, 2002, 2004, 2008, 2012, 2016, 2024",Yes,0
VCF0011x,"Weight: For 1970 type 2 - 2012, 2016, 2024 FTF sample","CDF Weight: 1970 type 2 - 2012,2016,2024 FTF sample",,,"1958, 1960, 1970, 1974, 1976, 1992, 1994, 1996, 1998, 2000, 2002, 2004, 2008, 2012, 2016, 2024",Yes,0
VCF0011y,"Weight: For 1970 type 2 - 2012, 2016, 2024 Web sample","CDF Weight: 1970 type 2 - 2012,2016,2024 Web sample",,,"1958, 1960, 1970, 1974, 1976, 1992, 1994, 1996, 1998, 2000, 2002, 2004, 2008, 2012, 2016, 2024",Yes,0
VCF0011z,Weight: For 1970 type 2 - 2012-2024 full sample,"CDF Weight: 1970 type 2 - 2012,2016,2020,2024 full sample",,,"1958, 1960, 1970, 1974, 1976, 1992, 1994, 1996, 1998, 2000, 2002, 2004, 2008, 2012, 2016, 2024",Yes,0
VCF0012,Form Filter for Paper Questionnaires,Form or interview type of paper questionnaire,1-2,9,,Yes,0
VCF0013,Completion - Post-election (flag),Post-election interview data present,0-1,,"1952, 1960, 1964, 1968, 1972, 1976, 1980, 1984, 1988, 1992, 1996, 2000, 2002, 2004, 2008, 2012, 2016, 2020, 2024",Yes,2
VCF0014,Completion - Pre-election (flag),Pre-election interview data present,0-1,,"1948, 1952, 1960, 1988, 2016, 2020, 2024",Yes,2
VCF0015a,Abbreviated Interview - Pre,Abbreviated interview form - Pre,0-2,,"1980, 1992, 1996, 2000",Yes,3
VCF0015b,Abbreviated Interview - Post,Abbreviated interview form - Post,0-2,,"1952, 1968, 1972, 1984, 1992, 1996",Yes,3
VCF0016,Cross-section composition: fresh Cross or panel case,Sample component: ‘new’ cross-section or panel case,0-1,,"1992, 1994, 1996, 2002",Yes,2
VCF0017,Mode of Interview,Mode of interview,0-9,,"1984, 1992, 1994, 1996, 1998, 2000, 2002, 2012, 2016, 2020, 2024",Yes,6
VCF0018a,Language of Interview - Pre,"1980: Was this interview conducted in English? (IF NO:) In What
language
was this interview conducted?
1984,1988,1992: W",0-7,9,"1980, 1984, 1988, 1992, 2004, 2008, 2012, 2020, 2024",Yes,6
VCF0018b,Language of Interview - Post,"1978-1982: Was this interview conducted in English? (IF NO:) In What
language
was this interview conducted?
1984,1986,19",0-7,9,"1978, 1980, 1982, 1984, 1986, 1990, 1992, 1994, 2008, 2012, 2020, 2024",Yes,7
VCF0019,R Relationship to Head of HH 1952-1986,R’s relationship to head,1-3,0;9,"1952, 1956, 1958, 1960, 1964, 1966, 1968, 1970, 1972, 1974, 1976, 1978, 1980, 1982, 1984, 1986",Yes,5
VCF0050a,Respondent Level of Political Info - Pre,"PRE INTERVIEWER OBSERVATION: 
Respondent’s general level of
information about politics and public
affairs seemed:",1-5,9,"1968, 1972, 1976, 1980, 1984, 1988, 1992, 1996, 2000, 2002, 2004, 2008, 2012, 2016",Yes,6
VCF0050b,Respondent Level of Political Info - Post,"POST INTERVIEWER OBSERVATION: 
Respondent’s general level of
information about politics and public
affairs seemed:",1-5,0;9,"1966, 1968, 1970, 1974, 1978, 1980, 1982, 1984, 1986, 1990, 1992, 1994, 1996, 1998, 2000, 2002, 2004, 2008, 2012, 2016",Yes,7
VCF0070a,Interviewer Gender - Pre,Pre interviewer gender,1-2,9,"1988, 1992, 1996, 2000, 2002, 2004, 2008, 2012, 2016, 2020, 2024",Yes,3
VCF0070b,Interviewer Gender - Post,Post interviewer gender,1-2,0;9,"1990, 1992, 1994, 1996, 1998, 2000, 2002, 2004, 2008, 2012, 2016, 2020, 2024",Yes,4
VCF0071a,Interviewer Race Full - Pre,Pre interviewer race - full,1-7,9,"1988, 1992, 1996, 2000, 2002",Yes,6
VCF0071b,Interviewer Race Full - Post,Post interviewer race - full,1-7,0;9,"1990, 1992, 1994, 1996, 1998, 2000, 2002",Yes,7
VCF0071c,Interviewer Race 2-category - Pre,Pre interviewer race 2-category,1-7,9,"1988, 1992, 1996, 2000, 2002, 2004, 2008, 2012, 2016, 2020, 2024",Yes,4
VCF0071d,Interviewer Race 2-category - Post,Post interviewer race 2-category,1-7,0;9,"1990, 1992, 1994, 1996, 1998, 2000, 2002, 2004, 2008, 2012, 2016, 2020, 2024",Yes,4
VCF0072a,Interviewer Ethnicity - Pre,Pre interviewer ethnicity,1-7,9,"1988, 1992, 1996, 2000, 2002, 2008, 2012, 2016, 2020",Yes,4
VCF0072b,Interviewer Ethnicity - Post,Post interviewer ethnicity,1-7,0;9,"1990, 1992, 1994, 1996, 1998, 2000, 2002, 2008, 2012, 2016, 2020",Yes,5
VCF0101,Respondent - Age,"1964-1976: What is your date of birth?
1978-1982: What is the month
and year of your birth?
1984-LATER: What is the mont",17-99,0,"1952, 1956, 1958, 1960, 1962, 1964, 1966, 1968, 1970, 1972, 1974, 1976, 1978, 1980, 1982, 1984, 1986, 1988, 1990, 1992, 1994, 1996, 1998, 2000, 2002, 2004, 2008, 2012, 2016, 2020, 2024",Yes,5
VCF0102,Respondent - Age Group,"1964-1976: What is your date of birth?
1978-1982: What is the month
and year of your birth?
1984-LATER: What is the mont",1-7,0,"1948, 1952, 2016, 2020, 2024",Yes,8
VCF0103,Respondent - Cohort,"1964-1976: What is your date of birth?
1978-1982: What is the month
and year of your birth?
1984-LATER: What is the mont",1-8,0,"2016, 2020, 2024",Yes,9
VCF0104,Respondent - Gender,Respondent gender,1-3,0,"1948, 1952, 1956, 1958, 1960, 1962, 1964, 1966, 1968, 1970, 1972, 1974, 1976, 1978, 1980, 1982, 1984, 1986, 1988, 1990, 1992, 1994, 1996, 1998, 2000, 2002, 2004, 2008, 2012, 2016, 2020, 2024",Yes,4
VCF0105a,"Race-ethnicity summary, 7 categories","1948,1952,1956-1970: Interviewer observation of Race.
 1972-1976:
Interviewer observation of Race.
 In addition to being",1-7,9,"1948, 1952, 1956, 1958, 1960, 1962, 1964, 1966, 1968, 1970, 1972, 1974, 1976, 1978, 1980, 1982, 1984, 1986, 1988, 1990, 1992, 1994, 1996, 1998, 2000, 2002, 2004, 2008, 2012, 2016, 2020, 2024",Yes,8
VCF0105b,"Race-ethnicity summary, 4 categories","1948,1952,1956-1970: Interviewer observation of Race.
 1972-1976:
Interviewer observation of Race.
 In addition to being",1-4,0;9,"1948, 1952, 1956, 1958, 1960, 1962, 1964, 1966, 1968, 1970, 1972, 1974, 1976, 1978, 1980, 1982, 1984, 1986, 1988, 1990, 1992, 1994, 1996, 1998, 2000, 2002, 2004, 2008, 2012, 2016, 2020, 2024",Yes,6
VCF0106,"Race summary, 3 categories","1948,1952,1956-1970: Interviewer observation of Race.
 1972-1976:
Interviewer observation of Race.
 In addition to being",1-3,0;9,"1948, 1952, 1956, 1958, 1960, 1962, 1964, 1966, 1968, 1970, 1972, 1974, 1976, 1978, 1980, 1982, 1984, 1986, 1988, 1990, 1992, 1994, 1996, 1998, 2000, 2002, 2004, 2008, 2012, 2016, 2020, 2024",Yes,5
VCF0107,Respondent - Hispanic Origin Type,"1988-2008: 
In addition to being American, what do you
consider
your main ethnic group or nationality group? (IF NO HISP",1-7,0;8;9,"1978, 1980, 1982, 1984, 1986, 1988, 1990, 1992, 1994, 1996, 1998, 2000, 2002, 2004, 2008, 2012, 2016, 2020, 2024",Yes,8
VCF0108,Respondent - Hispanic Origin,"1988 AND LATER: In addition to being American, what do you
consider
your main ethnic group or nationality group? (IF NO ",1-2,0;8;9,"1978, 1980, 1982, 1984, 1986, 1988, 1990, 1992, 1994, 1996, 1998, 2000, 2002, 2004, 2008, 2012, 2016, 2020, 2024",Yes,5
VCF0109,Respondent - Ethnicity,"In addition to being an American what do you consider your
main
ethnic group or nationality group?
(IF MORE THAN 1 GROUP",10-874,0;877;888,"1972, 1974, 1976, 1980, 1982, 1984, 1986, 1988, 1990, 1992, 1994, 1996, 1998, 2000, 2004, 2008",Yes,3
VCF0110,Respondent - Education 4-category,"1952-1972: How many grades of school did you finish?
 1974,1976: What
is highest grade of school or year of college
 you",1-4,0,"1948, 1952, 1956, 1958, 1960, 1962, 1964, 1966, 1968, 1970, 1972, 1974, 1976, 1978, 1980, 1982, 1984, 1986, 1988, 1990, 1992, 1994, 1996, 1998, 2000, 2002, 2004, 2008, 2012, 2016, 2020, 2024",Yes,5
VCF0111,Urbanism,Urbanism,1-3,0,"1952, 1956, 1958, 1960, 1962, 1964, 1966, 1968, 1970, 1972, 1974, 1976, 1978, 1980, 1982, 1984, 1986, 1988, 1990, 1992, 1994, 1996, 1998, 2000",Yes,4
VCF0112,Census Region,Region - U.S. Census,1-4,0,"1952, 1956, 1958, 1960, 1962, 1964, 1966, 1968, 1970, 1972, 1974, 1976, 1978, 1980, 1982, 1984, 1986, 1988, 1990, 1992, 1994, 1996, 1998, 2000, 2002, 2004, 2008, 2012, 2016, 2020, 2024",Yes,5
VCF0113,Political South/Nonsouth,Region - political south,1-2,,"1952, 1956, 1958, 1960, 1962, 1964, 1966, 1968, 1970, 1972, 1974, 1976, 1978, 1980, 1982, 1984, 1986, 1988, 1990, 1992, 1994, 1996, 1998, 2000, 2002, 2004, 2008, 2012, 2016, 2020",Yes,2
VCF0114,Respondent Family - Income Group,"1952,1956-1960: 
 About what do you think your total income will be
this year for yourself
 and your immediate family?
 ",1-5,0,"1948, 1952, 1956, 1958, 1960, 1962, 1964, 1966, 1968, 1970, 1972, 1974, 1976, 1978, 1980, 1982, 1984, 1986, 1988, 1990, 1992, 1994, 1996, 1998, 2000, 2004, 2008, 2012, 2016, 2020, 2024",Yes,6
VCF0115,Respondent - Occupation Group 6-category,"1952-1964: 
What is your occupation. I mean, what kind of work do you
do? (IF NOT
CLEAR OR OBVIOUS [1958,1960,1964 only]",1-6,0,"1952, 1956, 1958, 1960, 1964, 1968, 1970, 1972, 1974, 1976, 1978, 1980, 1982, 1984, 1986, 1988, 1990, 1992, 1994, 1996, 1998, 2000, 2004",Yes,7
VCF0116,Respondent - Work Status 7-category,"1972-1978: 
(1972: We’d like to know if you are looking for work,
working now) (1974-
1978: We’d like to know if you are",1-8,9,"1972, 1974, 1976, 1978, 1980, 1982, 1984, 1986, 1988, 1990, 1992, 1994, 1996, 1998, 2000, 2002, 2004, 2008, 2012, 2016, 2020, 2024",Yes,8
VCF0117,Head of HH - Work Status 7-category 1948-1986,"1948: What is [head’s] occupation, I mean, what kind of work
does
head) do?
1972-1978:
We’d also like to know about the ",1-8,9,"1948, 1972, 1974, 1976, 1978, 1980, 1982, 1984, 1986",Yes,8
VCF0118,Respondent - Work Status 5-category,"1968-1970: 
Are you presently employed, or are you unemployed, or
retired, (a
housewife), (a student), or what?
1972-197",1-5,9,"1952, 1956, 1958, 1960, 1964, 1968, 1970, 1972, 1974, 1976, 1978, 1980, 1982, 1984, 1986, 1988, 1990, 1992, 1994, 1996, 1998, 2000, 2002, 2004, 2008, 2012, 2016, 2020, 2024",Yes,6
VCF0119,Head of HH - Work Status 5-category 1952-1986,"1968,1970: 
Is (the head) presently employed, or is (he/she)
unemployed, retired, (a
hosuewife), (a student), or
what?
1",1-5,9,"1952, 1956, 1958, 1960, 1964, 1966, 1968, 1970, 1972, 1974, 1976, 1978, 1980, 1982, 1984, 1986",Yes,6
VCF0120,Respondent - Prestige Score S.E.I. Rank 1976-1984,Duncan S.E.I. score for R,,0;998,"1976, 1978, 1980, 1982, 1984",Yes,2
VCF0121,Head of HH - Prestige Score S.E.I. Rank 1976-1984,Duncan S.E.I. score for Head,,0;998;999,"1976, 1978, 1980, 1982, 1984",Yes,3
VCF0122,Respondent - Prestige Score NORC Rank 1976-1982,NORC Prestige score for R,,0;998,"1976, 1978, 1980, 1982",Yes,2
VCF0123,Head of HH - Prestige Score NORC Rank 1976-1982,NORC Prestige score for Head,,0;998;999,"1976, 1978, 1980, 1982",Yes,3
VCF0124,Respondent - Prestige Score S.E.S. Rank 1968-1974,Duncan S.E.S. score for R,,0;98;99,"1968, 1970, 1972, 1974",Yes,3
VCF0125,Head of HH - Prestige Score S.E.S. Rank 1968-1974,Duncan S.E.S. score for Head,,0;98;99,"1966, 1968, 1970, 1972, 1974",Yes,3
VCF0126,Father of Respondent - Occupation 5-category 1952-1996,"What kind of work did your father (SINCE 1978: [or father
surrogate])
do for a living while you were growing up?
(SINCE
",1-5,0,"1952, 1956, 1958, 1960, 1964, 1966, 1968, 1970, 1972, 1974, 1976, 1978, 1980, 1982, 1984, 1986, 1988, 1992, 1996",Yes,6
VCF0126a,Father of Respondent Occupation 8-category 1970-1976,"What kind of work did your father (SINCE 1978: [or father
surrogate])
do for a living while you were growing up?",1-8,0;9,"1970, 1972, 1974, 1976",No,10
VCF0126b,"Father of Respondent - Occupation Group 1978-1982,1996","What kind of work did your father or father surrogate do for a
living
while you were growing up?",1-15,0;98;99,"1978, 1980, 1982, 1996",Yes,18
VCF0126c,"Father of Respondent - Occupation Group 1984-1988,1992","What kind of work did your father or father surrogate do for a
living
while you were growing up? What was his main occup",1-15,0;98;99,"1984, 1986, 1988, 1992",No,18
VCF0127,Household - Union Membership,"1948: 
Does [head] belong to a labor union?
1952,1954:
Do
either you or the head of your household belong to a labor uni",1-2,0,"1948, 1952, 1956, 1958, 1960, 1964, 1966, 1968, 1970, 1972, 1974, 1976, 1978, 1980, 1982, 1984, 1986, 1988, 1990, 1992, 1994, 1996, 1998, 2000, 2002, 2004, 2008, 2012, 2016, 2020, 2024",Yes,3
VCF0127a,Household - Who Belongs to Union 8-category,"(1988-LATER EXC.2002: Do you or [1988: does] anyone else; 2002:
Does
anyone) in this household belong to a labor union?
",0-31,99,"1988, 1990, 1992, 1994, 1996, 1998, 2000, 2002, 2004, 2008, 2012, 2016, 2020",Yes,9
VCF0127b,Household - Who Belongs to Union 4-category,"1952: 
Do either you or the head of your household belong to a labor
union?
Who is it that belongs?
1956 AND LATER:
(195",0-3,9,"1952, 1956, 1958, 1960, 1964, 1966, 1968, 1970, 1972, 1974, 1976, 1978, 1980, 1982, 1984, 1986, 1988, 1990, 1992, 1994, 1996, 1998, 2000, 2002, 2004, 2008, 2012, 2016, 2020",Yes,5
VCF0128,Respondent - Religion Major Group,"1952-1964: Is your Church (1962: religious) preference
Protestant,
Catholic or Jewish?
1966-1968: Are you Protestant,
Ca",1-4,0,"1948, 1952, 1956, 1958, 1960, 1962, 1964, 1966, 1968, 1970, 1972, 1974, 1976, 1978, 1980, 1982, 1984, 1986, 1988, 1990, 1992, 1994, 1996, 1998, 2000, 2002, 2004, 2008, 2012, 2016, 2020, 2024",Yes,5
VCF0128a,Respondent - Religion 7-category 1960-1988,"1960,1964: 
Is your Church (1962: religious) preference Protestant,
Catholic or
Jewish? (IF PROTESTANT:) What church is ",1-7,9,"1960, 1964, 1966, 1968, 1970, 1972, 1974, 1976, 1978, 1980, 1982, 1984, 1986, 1988",Yes,8
VCF0128b,Respondent - Religion 8-category 1990-1996,"(IF R ATTENDS RELIGIOUS SERVICES: ) Do you mostly attend a place
of
worship that is Protestant, Roman Catholic, Jewish, ",0-7,9,"1990, 1992, 1994, 1996",Yes,9
VCF0129,"Respondent - Religion Full Code 1960-1988,2002","1960,1964: 
Is your Church (1962: religious) preference Protestant,
Catholic or
Jewish? (IF PROTESTANT:) What church is ",100-800,996;998;999,"1960, 1964, 1966, 1968, 1970, 1972, 1974, 1976, 1978, 1980, 1982, 1984, 1986, 1988, 2002",Yes,3
VCF0130,Respondent - Church Attendance 1970-,"1970-1988: (IF ANY RELIGIOUS PREFERENCE) Would you say you/do you
go
to (church/synagogue) every week, almost every week",1-7,0;8;9,"1970, 1972, 1974, 1976, 1978, 1980, 1982, 1984, 1986, 1988, 1990, 1992, 1994, 1996, 1998, 2000, 2002, 2004, 2008, 2012, 2016, 2020, 2024",Yes,9
VCF0130a,Respondent - Church Attendance 1990-,"Lots of things come up that keep people from attending
religious
services even if they want to. Thinking about your life",0-5,8;9,"1990, 1992, 1994, 1996, 1998, 2000, 2002, 2004, 2008, 2012, 2016, 2020, 2024",Yes,8
VCF0131,Respondent - Church Attendance 1952-1968,"Would you say you go to church regularly, often, seldom or never?",1-7,0;9,"1952, 1956, 1958, 1960, 1962, 1964, 1966, 1968",Yes,7
VCF0132,Respondent - Where Grew Up: State 1968-,"Where was it that you grew up? (IF UNITED STATES: ) Which state
or
states?",101-997,998;999,"1968, 1970, 1972, 1974, 1976, 1978, 1980, 1982, 1984, 1986, 1988, 1990, 1992, 1994, 1996, 2000, 2008",Yes,2
VCF0133,Respondent - Where Grew Up: State 1952-1966,What part of the United States did you grow up in?,101-997,998;999,"1952, 1956, 1958, 1960, 1964, 1966",Yes,2
VCF0134,"Respondent - Where Grew Up: Farm 1952-1994,2000","1952: Were you brought up mostly in the country, in a small town,
or
in a large city?
1956-1970: Were you brought up mos",1-2,8;9,"1952, 1956, 1958, 1960, 1964, 1966, 1968, 1970, 1972, 1974, 1976, 1978, 1980, 1982, 1984, 1986, 1988, 1990, 1992, 1994, 2000",Yes,4
VCF0135,"Respondent - Where Grew Up: Large City 1952-1994,2000",Type community where R grew up (2),1-2,8;9,"1956, 1958, 1960, 1964, 1966, 1968, 1970, 1972, 1974, 1976, 1978, 1980, 1982, 1984, 1986, 1988, 1990, 1992, 1994, 2000",Yes,4
VCF0136,Respondent - Where Grew Up: Urbanism 1956-1976,Type community where R grew up (3),1-5,9,"1956, 1958, 1960, 1964, 1966, 1968, 1970, 1972, 1974, 1976",Yes,6
VCF0137,Respondent - Where Grew Up: Urbanism 1978-2000,Type community where R grew up (4),1-8,9,"1978, 1980, 1982, 1984, 1986, 1988, 1990, 1992, 1994, 2000",Yes,9
VCF0138,Number of Children in family,"1958: How many children are there under 18 years old in this family?

1960: How many children under 18 years old are the",0-3,9,"1956, 1958, 1960, 1962, 1964, 1966, 1968, 1978, 1980, 1982, 1984, 1986, 1988, 1990, 1992, 1996, 1998",Yes,10
VCF0138a,Number Children Under Age 6 in HH,Number of children age 5 or younger old in household,0-8,9,"1978, 1980, 1982, 1984, 1986, 1988, 1990, 1992, 1996, 1998, 2002, 2004",Yes,10
VCF0138b,Number Children Ages 6-9 in HH,Number of children 6-9 years old in household,0-8,9,"1978, 1980, 1982, 1984, 1986, 1988, 1990, 1992, 1996, 1998, 2002, 2004",Yes,10
VCF0138c,Number Children Ages 10-13 in HH,Number of children 10-13 years old in household,0-8,9,"1978, 1980, 1982, 1984, 1986, 1988, 1990, 1992, 1996, 1998, 2002, 2004",Yes,10
VCF0138d,Number Children Ages 14-17 in HH,Number of children 14-17 years old in household,0-8,9,"1978, 1980, 1982, 1984, 1986, 1988, 1990, 1992, 1996, 1998, 2002, 2004",Yes,10
VCF0138e,Age Youngest Child in HH,Age of youngest child in family,1-8,9,"1956, 1958, 1960, 1962, 1964, 1966, 1968",No,9
VCF0139,Respondent - How Many Children Does R Have,"1970,1974,1976,1980: Do you have any children? (IF YES:) How many?",0-8,9,"1970, 1974, 1976, 1980",Yes,10
VCF0140,Respondent - Education 6-category,"1952-1972: How many grades of school did you finish?
1974 AND LATER:
What is highest grade of school or year of college
",1-6,8;9,"1952, 1956, 1958, 1960, 1962, 1964, 1966, 1968, 1970, 1972, 1974, 1976, 1978, 1980, 1982, 1984, 1986, 1988, 1990, 1992, 1994, 1996, 1998, 2000, 2002, 2004, 2008, 2012, 2016, 2020, 2024",Yes,8
VCF0140a,Respondent - Education 7-category,"1952-1972: How many grades of school did you finish?
1974 AND LATER:
What is highest grade of school or year of college
",1-7,8;9,"1952, 1956, 1958, 1960, 1962, 1964, 1966, 1968, 1970, 1972, 1974, 1976, 1978, 1980, 1982, 1984, 1986, 1988, 1990, 1992, 1994, 1996, 1998, 2000, 2002, 2004, 2008, 2012, 2016, 2020, 2024",Yes,9
VCF0141,Head of HH - Education 6-category 1962-1986,"1952-1972: How many grades of school did (head) finish?
1974 AND
LATER: What is highest grade of school or year of colle",1-6,8;9,"1962, 1964, 1968, 1970, 1972, 1974, 1976, 1978, 1980, 1982, 1984, 1986",Yes,8
VCF0142,Respondent - Place of Birth,Where were you born? (IF UNITED STATES: ) Which state?,101-997,998;999,"1952, 1956, 1958, 1960, 1964, 1966, 1968, 1970, 1972, 1974, 1976, 1978, 1980, 1982, 1984, 1986, 1988, 1990, 1992, 1994",Yes,2
VCF0143,Respondent Parents - Native Born,Were both your parents born in this country?,1-5,8;9,"1952, 1960, 1964, 1966, 1968, 1970, 1972, 1974, 1976, 1978, 1980, 1982, 1984, 1986, 1988, 1990, 1992, 1994, 1996, 2000, 2004, 2008, 2012, 2016, 2020, 2024",Yes,4
VCF0144,Respondent Father - Where Born,"(IF BOTH PARENTS NOT BORN IN THE U.S.: ) What country was your
father
born in?",199,998;999,"1952, 1960, 1964, 1966, 1968, 1970, 1972, 1974, 1976, 1978, 1980, 1982",Yes,3
VCF0145,Respondent Mother - Where Born,"(IF BOTH PARENTS NOT BORN IN THE U.S.: ) What country was your
mother
born in?",199,998;999,"1952, 1960, 1964, 1966, 1968, 1970, 1972, 1974, 1976, 1978, 1980, 1982",Yes,3
VCF0146,Respondent Family - Home Ownership,"(Do you/ Does your family) own your own home, pay rent or what?",1-2,8;9,"1952, 1964, 1968, 1970, 1972, 1974, 1976, 1978, 1980, 1982, 1984, 1986, 1988, 1990, 1992, 1994, 1996, 1998, 2000, 2002, 2004, 2008, 2016, 2020, 2024",No,4
VCF0147,Respondent - Marital Status,"1952: Are you married?
 1986: Are you married now and living with
your husband/wife– or
 are you widowed, divorced, sepa",1-7,8;9,"1952, 1956, 1958, 1960, 1962, 1964, 1966, 1968, 1970, 1972, 1974, 1976, 1978, 1980, 1982, 1984, 1986, 1988, 1990, 1992, 1994, 1996, 1998, 2000, 2002, 2004, 2008, 2012, 2016, 2020, 2024",Yes,8
VCF0148,Respondent - Social Class 8-category,"There’s been some talk these days about different social
classes.
Most people say they belong either to the middle class",0-7,9,"1956, 1958, 1966, 1968, 1970, 1972, 1974, 1976, 1978, 1980, 1982, 1984, 1988, 1990, 1992, 1994, 2000, 2004, 2008, 2012, 2016",Yes,9
VCF0148a,Respondent - Average or Upper Middle/Working Class,"There’s been some talk these days about different social
classes.
Most people say they belong either to the middle class",1-6,9,"1956, 1958, 1960, 1964, 1966, 1968, 1970, 1972, 1974, 1976, 1978, 1980, 1982, 1984, 1986, 1988, 1990, 1992, 1994, 2000, 2004, 2008, 2012, 2016",Yes,7
VCF0149,Respondent - Think of Self as Member of Social Class,"There’s been some talk these days about different social
classes.
Most people say they belong either to the middle class",1-6,9,"1956, 1958, 1960, 1964, 1966, 1968, 1970, 1972, 1974, 1976, 1978, 1980, 1982, 1984, 1986, 1988, 1990, 1992, 1994, 2000, 2004, 2008, 2012, 2016",Yes,7
VCF0150,Respondent - Work Status 16-category,"We’d like to know if you are working now, temporarily laid off, or
are
you unemployed, retired, permanently disabled, (a",10-81,99,"1980, 1982, 1984, 1986, 1988, 1990, 1992, 1994, 1996, 1998, 2000, 2004, 2008, 2012, 2016",Yes,17
VCF0151,Respondent - Occupation Group 5-Category,"1952-1964: 
What is your occupation. I mean, what kind of work do you
do? (IF NOT
CLEAR OR OBVIOUS [1958,1960,1964 only]",1-6,0,"1952, 1956, 1958, 1960, 1964, 1968, 1970, 1972, 1974, 1976, 1978, 1980, 1982, 1984, 1986, 1988, 1990, 1992, 1994, 1996, 1998, 2000, 2004",Yes,7
VCF0152,Respondent - Religion Full Code 1990-,"(IF R ATTENDS RELIGIOUS SERVICES: ) Do you mostly attend a place
of
worship that is Protestant, Roman Catholic, Jewish, ",10-997,998;999,"1990, 1992, 1994, 1996, 1998, 2000, 2004, 2008, 2012, 2016, 2020, 2024",Yes,138
VCF0153a,Mother of Respondent - Occupation 8-category 1970-1976,"1972-1976: Other than being a housewife, did your mother (or
mother
substitute) have a job while you were growing up?
19",1-8,0;9,"1970, 1972, 1974, 1976",No,10
VCF0153b,Mother of Respondent - Occupation Group 1978-1982,"Other than being a housewife, did your mother (or mother
substitute)
have a job while you were growing up?
(IF YES: ) Wh",1-15,0;98;99,"1978, 1980, 1982",No,18
VCF0153c,Mother of Respondent - Occupation Group 1984-1988,"Other than being a housewife, did your mother (or mother
substitute)
have a job while you were growing up?
(IF YES: ) Wh",1-15,0;98;99,"1984, 1986, 1988, 1992",No,18
VCF0154a,Respondent - Occupation 71-category,"What is/was your main occupation? (What sort of work do/did
you do?)
(1984-1986: IF NOT CLEAR: tell me a little more abo",,0,"1984, 1986, 1988, 1990, 1992, 1994, 1996, 1998, 2000, 2004",Yes,1
VCF0154b,Respondent - Occupation 14-category,"What is/was your main occupation? (What sort of work do/did you
do?)
(1984-1986: IF NOT CLEAR: tell me a little more abo",1-14,0,"1984, 1986, 1988, 1990, 1992, 1994, 1996, 1998, 2000, 2004",Yes,15
VCF0155,Respondent - Worried about Find/Losing Job,"How worried are you about losing your job/finding a job in the
near
future: a lot, somewhat, or not much at all?",1-5,0;8;9,"1984, 1986, 1988, 1990, 1992, 1994, 1996, 1998, 2004, 2008",Yes,6
VCF0156,Respondent - Working R Laid off Last 6 Months,"Were you out of work or laid off at any time during the last
six
months?",1-5,0;8;9,"1984, 1986, 1988, 1990, 1992, 1994, 1996, 1998, 2000, 2004, 2008, 2012, 2016, 2020, 2024",Yes,5
VCF0157,Respondent - Working R Hours Reduced/Cut in Pay,"During the last six months, have you had a reduction in your
work
hours or had to take a cut in pay at any time for reas",1-5,0;8;9,"1984, 1986, 1988, 1990, 1992, 1994, 1996, 1998, 2000, 2004, 2008, 2012, 2016",Yes,5
VCF0170a,County of IW 1956-1960,County code 1956-1960,,,"1956, 1958, 1960",Yes,0
VCF0170b,County of IW 1964-1976,Sampling PSU-county code 1964-1976,,,"1964, 1966, 1968, 1970, 1972, 1974, 1976",Yes,0
VCF0170c,County of IW 1968-1982,ICPSR county code 1968-1982,,,"1968, 1970, 1972, 1974, 1976, 1978, 1980, 1982",Yes,0
VCF0170d,"County of IW 1970,1978-1998","FIPS state-county code 1970,1978-1998",,,"1964, 1966, 1968, 1970, 1972, 1974, 1976, 1978, 1980, 1982, 1984, 1986, 1988, 1990, 1992, 1994, 1996, 1998",Yes,0
VCF0201,Thermometer - Democrats,Democrats – feeling thermometer,0-97,98;99,"1964, 1966, 1968, 1970, 1972, 1974, 1976, 1980, 1982",Yes,3
VCF0202,Thermometer - Republicans,Republicans – feeling thermometer,0-97,98;99,"1964, 1966, 1968, 1970, 1972, 1974, 1976, 1980, 1982",Yes,3
VCF0203,Thermometer - Protestants,Protestants – feeling thermometer,0-97,98;99,"1964, 1966, 1968, 1972, 1976, 2000, 2002",Yes,3
VCF0204,Thermometer - Catholics,Catholics – feeling thermometer,0-97,98;99,"1964, 1966, 1968, 1972, 1976, 1984, 1988, 1992, 2000, 2002, 2004, 2008, 2012",Yes,3
VCF0205,Thermometer - Jews,Jews – feeling thermometer,0-97,98;99,"1964, 1966, 1968, 1972, 1976, 1988, 1992, 2000, 2002, 2004, 2008, 2016, 2020, 2024",Yes,3
VCF0206,Thermometer - Blacks,Blacks – feeling thermometer,0-97,98;99,"1964, 1966, 1968, 1970, 1972, 1974, 1976, 1980, 1982, 1984, 1986, 1988, 1990, 1992, 1994, 1996, 1998, 2000, 2002, 2004, 2008, 2012, 2016, 2020, 2024",Yes,3
VCF0207,Thermometer - Whites,Whites – feeling thermometer,0-97,98;99,"1964, 1966, 1968, 1970, 1972, 1974, 1976, 1980, 1982, 1984, 1988, 1992, 1994, 1996, 1998, 2000, 2002, 2004, 2008, 2012, 2016, 2020, 2024",Yes,3
VCF0208,Thermometer - Southerners,Southerners – feeling thermometer,0-97,98;99,"1964, 1968, 1972, 1976, 1980, 1992, 2004, 2008",Yes,3
VCF0209,Thermometer - Big Business,Big business – feeling thermometer,0-97,98;99,"1964, 1966, 1968, 1972, 1974, 1976, 1980, 1984, 1988, 1992, 1994, 1996, 2000, 2002, 2004, 2008, 2012, 2016, 2020, 2024",Yes,3
VCF0210,Thermometer - Labor Unions,Labor unions – feeling thermometer,0-97,98;99,"1964, 1966, 1968, 1972, 1974, 1976, 1980, 1984, 1986, 1988, 1990, 1992, 1994, 1996, 1998, 2000, 2002, 2004, 2008, 2012, 2016, 2020, 2024",Yes,3
VCF0211,Thermometer - Liberals,Liberals – feeling thermometer,0-97,98;99,"1964, 1966, 1968, 1970, 1972, 1974, 1976, 1980, 1982, 1984, 1986, 1988, 1990, 1992, 1994, 1996, 1998, 2000, 2002, 2004, 2008, 2012, 2016, 2020, 2024",Yes,3
VCF0212,Thermometer - Conservatives,Conservatives – feeling thermometer,0-97,98;99,"1964, 1966, 1968, 1970, 1972, 1974, 1976, 1980, 1982, 1984, 1986, 1988, 1990, 1992, 1994, 1996, 1998, 2000, 2002, 2004, 2008, 2012, 2016, 2020, 2024",Yes,3
VCF0213,Thermometer - Military,Military – feeling thermometer,0-97,98;99,"1964, 1968, 1970, 1972, 1974, 1976, 1980, 1984, 1988, 1992, 1996, 2000, 2002, 2004, 2008, 2012",Yes,3
VCF0214,Thermometer - Policemen/Police,Policemen (1992: the police; 2016: police) – feeling thermometer,0-97,98;99,"1966, 1968, 1970, 1972, 1974, 1976, 1992, 2016, 2020, 2024",Yes,3
VCF0215,Thermometer - Black Militants,Black militants – feeling thermometer,0-97,98;99,"1970, 1972, 1974, 1976, 1980, 1984, 1986",Yes,3
VCF0216,Thermometer - Civil Rights Leaders,Civil rights leaders – feeling thermometer,0-97,98;99,"1970, 1972, 1974, 1976, 1980, 1984, 1988",Yes,3
VCF0217,Thermometer - Chicanos/Hispanics,"1976: Chicanos –feeling thermometer
1980,1984,1988: Hispanics–
feeling thermometer
1992: Hispanic-Americans– feeling
the",0-97,98;99,"1976, 1980, 1984, 1988, 1992, 1994, 1996, 2000, 2002, 2004, 2008, 2012, 2016, 2020, 2024",Yes,3
VCF0218,Thermometer - Democratic Party,The Democratic Party – feeling thermometer,0-97,98;99,"1978, 1980, 1982, 1984, 1986, 1988, 1990, 1992, 1994, 1996, 1998, 2000, 2004, 2008, 2012, 2016, 2020, 2024",Yes,3
VCF0219,Thermometer - Middle Class People,Middle class people – feeling thermometer,0-97,98;99,"1972, 1974, 1976, 1980, 1984, 2004, 2008, 2012",Yes,3
VCF0220,Thermometer - People on Welfare,People on welfare – feeling thermometer,0-97,98;99,"1976, 1980, 1984, 1986, 1988, 1990, 1992, 1994, 1996, 2000, 2002, 2004, 2008, 2012",Yes,3
VCF0221,Thermometer - Political Independents,People who call themselves political independents - feeling thermometer,0-97,98;99,"1980, 1982, 1984",Yes,3
VCF0222,Thermometer - Political Parties,"Political parties, in general – feeling thermometer",0-97,98;99,"1980, 1982, 1984, 1986, 1990, 1994, 1996, 2000",Yes,3
VCF0223,Thermometer - Poor People,Poor people – feeling thermometer,0-97,98;99,"1972, 1974, 1976, 1980, 1984, 1986, 1988, 1990, 1992, 1994, 1996, 1998, 2000, 2002, 2004, 2008, 2012, 2016",Yes,3
VCF0224,Thermometer - Republican Party,The Republican Party – feeling thermometer,0-97,98;99,"1978, 1980, 1982, 1984, 1986, 1988, 1990, 1992, 1994, 1996, 1998, 2000, 2004, 2008, 2012, 2016, 2020, 2024",Yes,3
VCF0225,Thermometer - Womens Libbers,"1970-1976,1980,1984: the women’s liberation movement–feeling
thermometer
1986,1990,1992,1996: the women’s movement–feeli",0-97,98;99,"1970, 1972, 1974, 1976, 1980, 1984, 1986, 1990, 1992, 1994, 1996, 2000",Yes,3
VCF0226,Thermometer - Young People,Young people – feeling thermometer,0-97,98;99,"1972, 1974, 1976, 1980, 2004",Yes,3
VCF0227,Thermometer - Asian-Americans,Asian-Americans – thermometer,0-97,98;99,"1992, 2000, 2002, 2004, 2008, 2012, 2016, 2020, 2024",Yes,3
VCF0228,Thermometer - Congress,"1998: U.S. Congress – thermometer
1980,1988,1992,2000-later: Congress
(1980,1992: that is, the U.S.
Senate and the House",0-97,98;99,"1980, 1988, 1992, 1996, 1998, 2000, 2002, 2004, 2008, 2012, 2016, 2020, 2024",Yes,3
VCF0229,Thermometer - Environmentalists,"1980,1988,1990: people seeking to protect the environment
–thermometer
1994-later: environmentalists – thermometer",0-97,98;99,"1980, 1988, 1990, 1992, 1994, 1996, 2000, 2002, 2004, 2008",Yes,3
VCF0230,Thermometer - Anti-Abortionists,"1984: Anti-abortionists – thermometer
1988,1990: Opponents of
abortion – thermometer",0-97,98;99,"1984, 1988, 1990",Yes,3
VCF0231,Thermometer - Federal Government,The federal government in Washington – thermometer,0-97,98;99,"1980, 1988, 1992, 1996, 2000, 2002, 2004, 2008, 2012",Yes,3
VCF0232,Thermometer - Gays and Lesbians,"Gay men and lesbians (that is), homosexuals – thermometer",0-97,98;99,"1984, 1988, 1992, 1994, 1996, 1998, 2000, 2002, 2004, 2008, 2012, 2016, 2020, 2024",Yes,3
VCF0233,Thermometer - Illegal Aliens,Illegal aliens (2004-later: illegal immigrants) – thermometer,0-97,98;99,"1988, 1992, 1994, 2004, 2008, 2012, 2016, 2020, 2024",Yes,3
VCF0234,Thermometer - Christian Fundamentalists,Christian fundamentalists – thermometer,0-97,98;99,"1988, 1992, 1994, 1996, 2000, 2002, 2004, 2008, 2012, 2016, 2020, 2024",Yes,3
VCF0235,Thermometer - Radical Students,Radical students – thermometer,0-97,98;99,"1970, 1972, 1974, 1976, 1980",Yes,3
VCF0236,Thermometer - Farmers,Farmers – thermometer,0-97,98;99,"1972, 1974, 1980",Yes,3
VCF0253,Thermometer - Feminists,Feminists – feeling thermometer,0-97,98;99,"1988, 1992, 2000, 2002, 2004, 2008, 2012, 2016, 2020, 2024",Yes,3
VCF0290,Thermometer Average - Major Parties,Thermometers –both major parties,,998;999,2020,Yes,2
VCF0291,Thermometer Index - Major Parties,Major party thermometer index,2-99,998;999,2020,Yes,5
VCF0301,Party Identification of Respondent- 7-point Scale,"Generally speaking, do you usually think of yourself as a
Republican,
a Democrat, an Independent, or what? (IF REPUBLICA",1-7,0,"1952, 1956, 1958, 1960, 1962, 1964, 1966, 1968, 1970, 1972, 1974, 1976, 1978, 1980, 1982, 1984, 1986, 1988, 1990, 1992, 1994, 1996, 1998, 2000, 2002, 2004, 2008, 2012, 2016, 2020, 2024",Yes,8
VCF0302,Party Identification of Respondent- Initial Party ID Response,"Generally speaking, do you usually think of yourself as a
Republican,
a Democrat, an Independent, or what?",1-5,8;9,"1968, 1972, 1974, 1976, 1978, 1980, 1982, 1984, 1986, 1988, 1990, 1992, 1994, 1996, 1998, 2000, 2002, 2004, 2008, 2012, 2016, 2020, 2024",Yes,7
VCF0303,Party Identification of Respondent- Summary 3-Category,Party ID - 3 categories,1-3,0,"1952, 1956, 1958, 1960, 1962, 1964, 1966, 1968, 1970, 1972, 1974, 1976, 1978, 1980, 1982, 1984, 1986, 1988, 1990, 1992, 1994, 1996, 1998, 2000, 2002, 2004, 2008, 2012, 2020, 2024",Yes,4
VCF0305,Party Identification of Respondent- Strength of Partisanship,Party ID - strength of partisanship,1-4,0,"1952, 1956, 1958, 1960, 1962, 1964, 1966, 1968, 1970, 1972, 1974, 1976, 1978, 1980, 1982, 1984, 1986, 1988, 1990, 1992, 1994, 1996, 1998, 2000, 2002, 2004, 2008, 2020, 2024",Yes,5
VCF0306,Party Identification of Respondent's Father,"(1970,1988,1990: When you were growing up) Did he/your
father
(1988,1992: or stepfather) think of himself mostly as a
De",1-4,0;9,"1952, 1958, 1964, 1968, 1970, 1972, 1976, 1978, 1980, 1988, 1992",Yes,6
VCF0307,Party Identification of Respondent's Mother,"(1970,1988,1990: When you were growing up) Did she/your
mother
(1988,1992: or stepmother) think of himself mostly as a
D",1-4,0;9,"1952, 1958, 1964, 1968, 1970, 1972, 1976, 1978, 1980, 1988, 1992",Yes,6
VCF0308,Political Interest of Respondent's Father,"Do you remember when you were growing up whether your father was
very
much interested in politics, somewhat interested, ",1-3,0;9,"1958, 1964, 1968, 1972, 1976",No,5
VCF0309,Political Interest of Respondent's Mother,"Now how about your mother? When you were growing up was she very
much
interested in politics, somewhat interested, or di",1-3,0;9,"1958, 1964, 1968, 1972, 1976",No,5
VCF0310,Interest in the Elections,"Some people don’t pay much attention to political campaigns.
How
about you, would you say that you have been/were very m",1-9,0,"1952, 1956, 1958, 1960, 1962, 1964, 1966, 1968, 1970, 1972, 1976, 1978, 1980, 1982, 1984, 1986, 1988, 1990, 1992, 1994, 1996, 1998, 2000, 2002, 2004, 2008, 2012, 2016, 2020, 2024",Yes,5
VCF0311,Does Respondent Care Which Party Wins Presidential Election,"Generally speaking, would you say that you personally care a good
deal
which party (1992 and later: who) wins the presid",1-2,0,"1952, 1956, 1960, 1964, 1968, 1972, 1976, 1980, 1984, 1988, 1992, 1996, 2000, 2004, 2008, 2012",Yes,3
VCF0312,Respondent Care(d) Which Party Wins Congressional Election,"POST ADMINISTRATION: 
As you know, representatives to Congress in
Washington are being chosen
in this election from cong",1-2,0,"1966, 1970, 1974, 1978, 1980, 1982, 1986, 1990, 1992, 1994, 1996, 1998, 2000, 2002, 2008",Yes,3
VCF0313,Interest in Public Affairs,"1964 AND LATER: 
Some people seem to follow (1964: think about)
what’s going on in
government and public affairs most of",1-9,0,"1960, 1962, 1964, 1966, 1968, 1972, 1974, 1976, 1978, 1980, 1982, 1984, 1986, 1988, 1990, 1992, 1994, 1996, 1998, 2000, 2002, 2004, 2008",Yes,6
VCF0314,Democratic Party: Respondent Likes - Number of Mentions,"Is there anything in particular that you like about the
Democratic
party?
What is that? Anything else [you like about th",0-5,9,"1952, 1956, 1958, 1960, 1964, 1968, 1972, 1976, 1978, 1980, 1982, 1984, 1986, 1988, 1990, 1992, 1994, 1996, 2000, 2004",Yes,7
VCF0315,Democratic Party: Respondent Dislikes - Number of Mentions,"Is there anything in particular that you don’t like about
the
Democratic party?
What is that? Anything else [you don’t l",0-5,9,"1952, 1956, 1958, 1960, 1964, 1968, 1972, 1976, 1978, 1980, 1982, 1984, 1986, 1988, 1990, 1992, 1994, 1996, 2000, 2004",Yes,7
VCF0316,Democratic Party: Affect (Likes-Dislikes),Affect toward Democratic Party,,99,,Yes,4
VCF0317,Democratic Party: Salience (Likes-Dislikes),Salience of Democratic Party,0-10,99,,Yes,3
VCF0318,Republican Party: Respondent Likes - Number of Mentions,"Is there anything in particular that you like about the
Republican
party?
What is that? Anything else [you like about th",0-5,9,"1952, 1956, 1958, 1960, 1964, 1968, 1972, 1976, 1978, 1980, 1982, 1984, 1986, 1988, 1990, 1992, 1994, 1996, 2000, 2004",Yes,7
VCF0319,Republican Party: Respondent Dislikes - Number of Mentions,"Is there anything in particular that you don’t like about
the
Republican party?
What is that? Anything else [you don’t l",0-5,9,"1952, 1956, 1958, 1960, 1964, 1968, 1972, 1976, 1978, 1980, 1982, 1984, 1986, 1988, 1990, 1992, 1994, 1996, 2000, 2004",Yes,7
VCF0320,Republican Party: Affect (Likes-Dislikes),Affect toward Republican Party,,99,,Yes,4
VCF0321,Republican Party: Salience (Likes-Dislikes),Salience of Republican Party,0-10,99,,Yes,3
VCF0322,Major Parties: Affect (Likes-Dislikes),Net affect toward major parties,,999,,Yes,4
VCF0323,Major Parties: Salience (Likes-Dislikes),Major party salience,0-20,99,,Yes,3
VCF0324,Major Parties: Relative Salience (Likes-Dislikes),Relative salience of major parties,,999,"1984, 1986, 1988, 1992, 1996, 2000, 2002, 2004, 2008",Yes,4
VCF0338,President- Intelligent,President trait- Intelligent,1-4,0;8;9,"1984, 1986, 1988, 1992, 1996, 2000, 2002, 2004, 2008",Yes,7
VCF0339,President- Compassionate,President trait - compassionate,1-4,0;8;9,"1984, 1986, 1988, 1992, 1996",Yes,7
VCF0340,President- Decent,President trait - decent,1-4,0;8;9,"1984, 1986, 1988",Yes,7
VCF0341,President- Inspiring,President trait- inspiring,1-4,0;8;9,"1980, 1982, 1984, 1986, 1988, 1992, 1996",Yes,7
VCF0342,President- Knowledgeable,President trait - knowledgeable,1-4,0;8;9,"1980, 1982, 1984, 1986, 1988, 1992, 1994, 1996, 1998, 2000, 2002, 2004, 2008",Yes,7
VCF0343,President- Moral,President trait - moral,1-4,0;8;9,"1980, 1982, 1984, 1986, 1988, 1992, 1994, 1996, 1998, 2000, 2002, 2004, 2008",Yes,7
VCF0344,President- Leadership,President trait - provides strong leadership,1-4,0;8;9,"1980, 1982, 1984, 1986, 1988, 1992, 1994, 1996, 1998, 2000, 2002, 2004, 2008",Yes,7
VCF0345,President- Cares,President trait - really cares about people like you,1-4,0;8;9,"1984, 1986, 1988, 1992, 1994, 1996, 1998, 2000, 2002, 2004, 2008",Yes,7
VCF0346,President- Angry,President affect: angry,1-2,0;8;9,"1980, 1982, 1984, 1986, 1988, 1992, 1994, 1996, 1998, 2000, 2004, 2008, 2012, 2016",Yes,5
VCF0347,President- Afraid,President affect: afraid (of him),1-2,0;8;9,"1980, 1982, 1984, 1986, 1988, 1992, 1994, 1996, 1998, 2000, 2004, 2008, 2012",Yes,5
VCF0348,President- Hopeful,President affect: hopeful,1-2,0;8;9,"1980, 1982, 1984, 1986, 1988, 1992, 1994, 1996, 1998, 2000, 2004, 2008, 2012",Yes,5
VCF0349,President- Proud,President affect: proud,1-2,0;8;9,"1980, 1982, 1984, 1986, 1988, 1992, 1994, 1996, 1998, 2000, 2004, 2008, 2012, 2016",Yes,5
VCF0350,Democratic Presidential Cand- Intelligent,Democratic Presidential candidate trait - intelligent,1-4,8;9,"1984, 1988, 1992, 1996, 2000, 2004, 2008",Yes,6
VCF0351,Democratic Presidential Cand- Compassionate,Democratic Presidential candidate trait - compassionate,1-4,8;9,"1984, 1988, 1992, 1996",Yes,6
VCF0352,Democratic Presidential Cand- Decent,Democratic Presidential candidate trait - decent,1-4,8;9,"1984, 1988",Yes,6
VCF0353,Democratic Presidential Cand- Inspiring,Democratic Presidential candidate trait - inspiring,1-4,8;9,"1980, 1984, 1988, 1992, 1996",Yes,6
VCF0354,Democratic Presidential Cand- Knowledgeable,Democratic Presidential candidate trait - knowledgeable,1-4,8;9,"1980, 1984, 1988, 1992, 1996, 2000, 2004, 2008",Yes,6
VCF0355,Democratic Presidential Cand- Moral,Democratic Presidential candidate trait - moral,1-4,8;9,"1980, 1984, 1988, 1992, 1996, 2000, 2004, 2008",Yes,6
VCF0356,Democratic Presidential Cand- Leadership,Democratic Presidential candidate trait - provides strong leadership,1-4,8;9,"1980, 1984, 1988, 1992, 1996, 2000, 2004, 2008",Yes,6
VCF0357,Democratic Presidential Cand- Cares,"Democratic Presidential candidate trait - really cares about
people
like you",1-4,8;9,"1984, 1988, 1992, 1996, 2000, 2004, 2008",Yes,6
VCF0358,Democratic Presidential Cand- Angry,Democratic Presidential candidate affect: angry,1-2,8;9,"1980, 1984, 1988, 1992, 1996, 2000, 2004, 2008, 2012, 2016",Yes,4
VCF0359,Democratic Presidential Cand- Afraid,Democratic Presidential candidate affect: afraid (of him/her),1-2,8;9,"1980, 1984, 1988, 1992, 1996, 2000, 2004, 2008, 2012, 2016",Yes,4
VCF0360,Democratic Presidential Cand- Hopeful,Democratic Presidential candidate affect: hopeful,1-2,8;9,"1980, 1984, 1988, 1992, 1996, 2000, 2004, 2008, 2012, 2016",Yes,4
VCF0361,Democratic Presidential Cand- Proud,Democratic Presidential candidate affect: proud,1-2,8;9,"1980, 1984, 1988, 1992, 1996, 2000, 2004, 2008, 2012, 2016",Yes,4
VCF0362,Republican Presidential Cand- Intelligent,Republican Presidential candidate trait - intelligent,1-4,8;9,"1984, 1988, 1992, 2000, 2004, 2008",Yes,6
VCF0363,Republican Presidential Cand- Compassionate,Republican Presidential candidate trait - compassionate,1-4,8;9,"1984, 1988, 1992",Yes,6
VCF0364,Republican Presidential Cand- Decent,Republican Presidential candidate trait - decent,1-4,8;9,"1984, 1988",Yes,6
VCF0365,Republican Presidential Cand- Inspiring,Republican Presidential candidate trait - inspiring,1-4,8;9,"1980, 1984, 1988, 1992, 1996",Yes,6
VCF0366,Republican Presidential Cand- Knowledgeable,Republican Presidential candidate trait - knowledgeable,1-4,8;9,"1980, 1984, 1988, 1992, 1996, 2000, 2004, 2008",Yes,6
VCF0367,Republican Presidential Cand- Moral,Republican Presidential candidate trait - moral,1-4,8;9,"1980, 1984, 1988, 1992, 1996, 2000, 2004, 2008",Yes,6
VCF0368,Republican Presidential Cand- Leadership,Republican Presidential candidate trait - provides strong leadership,1-4,8;9,"1980, 1984, 1988, 1992, 1996, 2000, 2004, 2008",Yes,6
VCF0369,Republican Presidential Cand- Cares,"Republican Presidential candidate trait - really cares about
people
like you",1-4,8;9,"1984, 1988, 1992, 1996, 2000, 2004, 2008",Yes,6
VCF0370,Republican Presidential Cand- Angry,Republican Presidential candidate affect: angry,1-2,8;9,"1980, 1984, 1988, 1992, 1996, 2000, 2004, 2008, 2012, 2016",Yes,4
VCF0371,Republican Presidential Cand- Afraid,Republican Presidential candidate affect: afraid (of him),1-2,8;9,"1980, 1984, 1988, 1992, 1996, 2000, 2004, 2008, 2012, 2016",Yes,4
VCF0372,Republican Presidential Cand- Hopeful,Republican Presidential candidate affect: hopeful,1-2,8;9,"1980, 1984, 1988, 1992, 1996, 2000, 2004, 2008, 2012, 2016",Yes,4
VCF0373,Republican Presidential Cand- Proud,Republican Presidential candidate affect: proud,1-2,8;9,"1980, 1984, 1988, 1992, 1996, 2000, 2004, 2008, 2012, 2016",Yes,4
VCF0374,Likes Anything about Democratic party,"Is there anything in particular that you like about the
Democratic
party?",1-5,8;9,"1972, 1976, 1978, 1980, 1982, 1984, 1986, 1988, 1990, 1992, 1994, 1996, 2000, 2004, 2008, 2012, 2016, 2020, 2024",Yes,4
VCF0375a,1972-2004 Mention 1: Like About Democratic Party,"Is there anything in particular that you like about the
Democratic
party?
What is that? Anything else [you like about th",,8888;8889,"1972, 1976, 1978, 1980, 1982, 1984, 1986, 1988, 1990, 1992, 1994, 1996, 2000, 2004",Yes,2
VCF0375b,1972-2004 Mention 1: Like About Democratic Party COLLAPSED,"Is there anything in particular that you like about the
Democratic
party?
What is that? Anything else [you like about th",11-50,88;89,"1972, 1976, 1978, 1980, 1982, 1984, 1986, 1988, 1990, 1992, 1994, 1996, 2000, 2004",Yes,15
VCF0375c,1952-1968 Mention 1: Like About Democratic Party,"Is there anything in particular that you like about the
Democratic
party?
What is that? Anything else [you like about th",,9987;9988;9989,"1952, 1956, 1958, 1960, 1964, 1968",Yes,3
VCF0375d,1952-1968 Mention 1: Like About Democratic Party COLLAPSED,"Is there anything in particular that you like about the
Democratic
party?
What is that? Anything else [you like about th",1-10,87;89,"1952, 1956, 1958, 1960, 1964, 1968",Yes,12
VCF0376a,1972-2004 Mention 2: Like About Democratic Party,"Is there anything in particular that you like about the
Democratic
party?
What is that? Anything else [you like about th",,,"1972, 1976, 1978, 1980, 1982, 1984, 1986, 1988, 1990, 1992, 1994, 1996, 2000, 2004",Yes,0
VCF0376b,1972-2004 Mention 2: Like About Democratic Party COLLAPSED,"Is there anything in particular that you like about the
Democratic
party?
What is that? Anything else [you like about th",11-50,,"1972, 1976, 1978, 1980, 1982, 1984, 1986, 1988, 1990, 1992, 1994, 1996, 2000, 2004",Yes,13
VCF0376c,1952-1968 Mention 2: Like About Democratic Party,"Is there anything in particular that you like about the
Democratic
party?
What is that? Anything else [you like about th",,,"1952, 1956, 1958, 1960, 1964, 1968",Yes,0
VCF0376d,1952-1968 Mention 2: Like About Democratic Party COLLAPSED,"Is there anything in particular that you like about the
Democratic
party?
What is that? Anything else [you like about th",1-10,,"1952, 1956, 1958, 1960, 1964, 1968",Yes,10
VCF0377a,1972-2004 Mention 3: Like About Democratic Party,"Is there anything in particular that you like about the
Democratic
party?
What is that? Anything else [you like about th",,,"1972, 1976, 1978, 1980, 1982, 1984, 1986, 1988, 1990, 1992, 1994, 1996, 2000, 2004",Yes,0
VCF0377b,1972-2004 Mention 3: Like About Democratic Party COLLAPSED,"Is there anything in particular that you like about the
Democratic
party?
What is that? Anything else [you like about th",11-50,,"1972, 1976, 1978, 1980, 1982, 1984, 1986, 1988, 1990, 1992, 1994, 1996, 2000, 2004",Yes,13
VCF0377c,1952-1968 Mention 3: Like About Democratic Party,"Is there anything in particular that you like about the
Democratic
party?
What is that? Anything else [you like about th",,,"1952, 1956, 1958, 1960, 1964, 1968",Yes,0
VCF0377d,1952-1968 Mention 3: Like About Democratic Party COLLAPSED,"Is there anything in particular that you like about the
Democratic
party?
What is that? Anything else [you like about th",1-10,,"1952, 1956, 1958, 1960, 1964, 1968",Yes,10
VCF0378a,1972-2004 Mention 4: Like About Democratic Party,"Is there anything in particular that you like about the
Democratic
party?
What is that? Anything else [you like about th",,,"1976, 1978, 1980, 1982, 1984, 1986, 1988, 1990, 1992, 1994, 1996, 2000, 2004",Yes,0
VCF0378b,1972-2004 Mention 4: Like About Democratic Party COLLAPSED,"Is there anything in particular that you like about the
Democratic
party?
What is that? Anything else [you like about th",11-50,,"1976, 1978, 1980, 1982, 1984, 1986, 1988, 1990, 1992, 1994, 1996, 2000, 2004",Yes,13
VCF0378c,1952-1968 Mention 4: Like About Democratic Party,"Is there anything in particular that you like about the
Democratic
party?
What is that? Anything else [you like about th",,,"1952, 1956, 1958, 1960, 1964, 1968",Yes,0
VCF0378d,1952-1968 Mention 4: Like About Democratic Party COLLAPSED,"Is there anything in particular that you like about the
Democratic
party?
What is that? Anything else [you like about th",1-10,,"1952, 1956, 1958, 1960, 1964, 1968",Yes,10
VCF0379a,1972-2004 Mention 5: Like About Democratic Party,"Is there anything in particular that you like about the
Democratic
party?
What is that? Anything else [you like about th",,,"1976, 1978, 1980, 1982, 1984, 1986, 1988, 1990, 1992, 1994, 1996, 2000, 2004",Yes,0
VCF0379b,1972-2004 Mention 5: Like About Democratic Party COLLAPSED,"Is there anything in particular that you like about the
Democratic
party?
What is that? Anything else [you like about th",11-50,,"1976, 1978, 1980, 1982, 1984, 1986, 1988, 1990, 1992, 1994, 1996, 2000, 2004",Yes,13
VCF0379c,1952-1968 Mention 5: Like About Democratic Party,"Is there anything in particular that you like about the
Democratic
party?
What is that? Anything else [you like about th",,,"1952, 1956, 1958, 1960, 1964, 1968",Yes,0
VCF0379d,1952-1968 Mention 5: Like About Democratic Party COLLAPSED,"Is there anything in particular that you like about the
Democratic
party?
What is that? Anything else [you like about th",1-10,,"1952, 1956, 1958, 1960, 1964, 1968",Yes,10
VCF0380,Dislikes Anything about Democratic party,"Is there anything in particular that you don’t like about the
Democratic
party?",1-5,8;9,"1972, 1976, 1978, 1980, 1982, 1984, 1986, 1988, 1990, 1992, 1994, 1996, 2000, 2004, 2008, 2012, 2016, 2020, 2024",Yes,4
VCF0381a,1972-2004 Mention 1: Dislike About Democratic Party,"Is there anything in particular that you don’t like about the
Democratic
party?
What is that? Anything else [you don’t l",,8888;8889,"1972, 1976, 1978, 1980, 1982, 1984, 1986, 1988, 1990, 1992, 1994, 1996, 2000, 2004",Yes,2
VCF0381b,1972-2004 Mention 1: Dislike About Democratic Party COLLAPSED,"Is there anything in particular that you don’t like about the
Democratic
party?
What is that? Anything else [you don’t l",11-50,88;89,"1972, 1976, 1978, 1980, 1982, 1984, 1986, 1988, 1990, 1992, 1994, 1996, 2000, 2004",Yes,15
VCF0381c,1952-1968 Mention 1: Dislike About Democratic Party,"Is there anything in particular that you don’t like about the
Democratic
party?
What is that? Anything else [you don’t l",,9987;9988;9989,"1952, 1956, 1958, 1960, 1964, 1968",Yes,3
VCF0381d,1952-1968 Mention 1: Dislike About Democratic Party COLLAPSED,"Is there anything in particular that you don’t like about the
Democratic
party?
What is that? Anything else [you don’t l",1-10,87;89,"1952, 1956, 1958, 1960, 1964, 1968",Yes,12
VCF0382a,1972-2004 Mention 2: Dislike About Democratic Party,"Is there anything in particular that you don’t like about the
Democratic
party?
What is that? Anything else [you don’t l",,,"1972, 1976, 1978, 1980, 1982, 1984, 1986, 1988, 1990, 1992, 1994, 1996, 2000, 2004",Yes,0
VCF0382b,1972-2004 Mention 2: Dislike About Democratic Party COLLAPSED,"Is there anything in particular that you don’t like about the
Democratic
party?
What is that? Anything else [you don’t l",11-50,,"1972, 1976, 1978, 1980, 1982, 1984, 1986, 1988, 1990, 1992, 1994, 1996, 2000, 2004",Yes,13
VCF0382c,1952-1968 Mention 2: Dislike About Democratic Party,"Is there anything in particular that you don’t like about the
Democratic
party?
What is that? Anything else [you don’t l",,,"1952, 1956, 1958, 1960, 1964, 1968",Yes,0
VCF0382d,1952-1968 Mention 2: Dislike About Democratic Party COLLAPSED,"Is there anything in particular that you don’t like about the
Democratic
party?
What is that? Anything else [you don’t l",1-10,,"1952, 1956, 1958, 1960, 1964, 1968",Yes,10
VCF0383a,1972-2004 Mention 3: Dislike About Democratic Party,"Is there anything in particular that you don’t like about the
Democratic
party?
What is that? Anything else [you don’t l",,,"1972, 1976, 1978, 1980, 1982, 1984, 1986, 1988, 1990, 1992, 1994, 1996, 2000, 2004",Yes,0
VCF0383b,1972-2004 Mention 3: Dislike About Democratic Party COLLAPSED,"Is there anything in particular that you don’t like about the
Democratic
party?
What is that? Anything else [you don’t l",11-50,,"1972, 1976, 1978, 1980, 1982, 1984, 1986, 1988, 1990, 1992, 1994, 1996, 2000, 2004",Yes,13
VCF0383c,1952-1968 Mention 3: Dislike About Democratic Party,"Is there anything in particular that you don’t like about the
Democratic
party?
What is that? Anything else [you don’t l",,,"1952, 1956, 1958, 1960, 1964, 1968",Yes,0
VCF0383d,1952-1968 Mention 3: Dislike About Democratic Party COLLAPSED,"Is there anything in particular that you don’t like about the
Democratic
party?
What is that? Anything else [you don’t l",1-10,,"1952, 1956, 1958, 1960, 1964, 1968",Yes,10
VCF0384a,1972-2004 Mention 4: Dislike About Democratic Party,"Is there anything in particular that you don’t like about the
Democratic
party?
What is that? Anything else [you don’t l",,,"1976, 1978, 1980, 1982, 1984, 1986, 1988, 1990, 1992, 1994, 1996, 2000, 2004",Yes,0
VCF0384b,1972-2004 Mention 4: Dislike About Democratic Party COLLAPSED,"Is there anything in particular that you don’t like about the
Democratic
party?
What is that? Anything else [you don’t l",11-50,,"1976, 1978, 1980, 1982, 1984, 1986, 1988, 1990, 1992, 1994, 1996, 2000, 2004",Yes,13
VCF0384c,1952-1968 Mention 4: Dislike About Democratic Party,"Is there anything in particular that you don’t like about the
Democratic
party?
What is that? Anything else [you don’t l",,,"1952, 1956, 1958, 1960, 1964, 1968",Yes,0
VCF0384d,1952-1968 Mention 4: Dislike About Democratic Party COLLAPSED,"Is there anything in particular that you don’t like about the
Democratic
party?
What is that? Anything else [you don’t l",1-10,,"1952, 1956, 1958, 1960, 1964, 1968",Yes,10
VCF0385a,1972-2004 Mention 5: Dislike About Democratic Party,"Is there anything in particular that you don’t like about the
Democratic
party?
What is that? Anything else [you don’t l",,,"1976, 1978, 1980, 1982, 1984, 1986, 1988, 1990, 1992, 1994, 1996, 2000, 2004",Yes,0
VCF0385b,1972-2004 Mention 5: Dislike About Democratic Party COLLAPSED,"Is there anything in particular that you don’t like about the
Democratic
party?
What is that? Anything else [you don’t l",11-50,,"1976, 1978, 1980, 1982, 1984, 1986, 1988, 1990, 1992, 1994, 1996, 2000, 2004",Yes,13
VCF0385c,1952-1968 Mention 5: Dislike About Democratic Party,"Is there anything in particular that you don’t like about the
Democratic
party?
What is that? Anything else [you don’t l",,,"1952, 1956, 1958, 1960, 1964, 1968",Yes,0
VCF0385d,1952-1968 Mention 5: Dislike About Democratic Party COLLAPSED,"Is there anything in particular that you don’t like about the
Democratic
party?
What is that? Anything else [you don’t l",1-10,,"1952, 1956, 1958, 1960, 1964, 1968",Yes,10
VCF0386,Likes Anything about Republican party,"Is there anything in particular that you like about the
Republican
party?",1-5,8;9,"1952, 1956, 1958, 1960, 1964, 1968, 1972, 1976, 1978, 1980, 1982, 1984, 1986, 1988, 1990, 1992, 1994, 1996, 2000, 2004, 2008, 2012, 2016, 2020, 2024",Yes,4
VCF0387a,1972-2004 Mention 1: Like About Republican Party,"Is there anything in particular that you like about the
Republican
party?
What is that? Anything else [you like about th",,8888;8889,"1972, 1976, 1978, 1980, 1982, 1984, 1986, 1988, 1990, 1992, 1994, 1996, 2000, 2004",Yes,2
VCF0387b,1972-2004 Mention 1: Like About Republican Party COLLAPSED,"Is there anything in particular that you like about the
Republican
party?
What is that? Anything else [you like about th",11-50,88;89,"1972, 1976, 1978, 1980, 1982, 1984, 1986, 1988, 1990, 1992, 1994, 1996, 2000, 2004",Yes,15
VCF0387c,1952-1968 Mention 1: Like About Republican Party,"Is there anything in particular that you like about the
Republican
party?
What is that? Anything else [you like about th",,9987;9988;9989,"1952, 1956, 1958, 1960, 1964, 1968",Yes,3
VCF0387d,1952-1968 Mention 1: Like About Republican Party COLLAPSED,"Is there anything in particular that you like about the
Republican
party?
What is that? Anything else [you like about th",1-10,87;89,"1952, 1956, 1958, 1960, 1964, 1968",Yes,12
VCF0388a,1972-2004 Mention 2: Like About Republican Party,"Is there anything in particular that you like about the
Republican
party?
What is that? Anything else [you like about th",,,"1972, 1976, 1978, 1980, 1982, 1984, 1986, 1988, 1990, 1992, 1994, 1996, 2000, 2004",Yes,0
VCF0388b,1972-2004 Mention 2: Like About Republican Party COLLAPSED,"Is there anything in particular that you like about the
Republican
party?
What is that? Anything else [you like about th",11-50,,"1972, 1976, 1978, 1980, 1982, 1984, 1986, 1988, 1990, 1992, 1994, 1996, 2000, 2004",Yes,13
VCF0388c,1952-1968 Mention 2: Like About Republican Party,"Is there anything in particular that you like about the
Republican
party?
What is that? Anything else [you like about th",,,"1952, 1956, 1958, 1960, 1964, 1968",Yes,0
VCF0388d,1952-1968 Mention 2: Like About Republican Party COLLAPSED,"Is there anything in particular that you like about the
Republican
party?
What is that? Anything else [you like about th",1-10,,"1952, 1956, 1958, 1960, 1964, 1968",Yes,10
VCF0389a,1972-2004 Mention 3: Like About Republican Party,"Is there anything in particular that you like about the
Republican
party?
What is that? Anything else [you like about th",,,"1972, 1976, 1978, 1980, 1982, 1984, 1986, 1988, 1990, 1992, 1994, 1996, 2000, 2004",Yes,0
VCF0389b,1972-2004 Mention 3: Like About Republican Party COLLAPSED,"Is there anything in particular that you like about the
Republican
party?
What is that? Anything else [you like about th",11-50,,"1972, 1976, 1978, 1980, 1982, 1984, 1986, 1988, 1990, 1992, 1994, 1996, 2000, 2004",Yes,13
VCF0389c,1952-1968 Mention 3: Like About Republican Party,"Is there anything in particular that you like about the
Republican
party?
What is that? Anything else [you like about th",,,"1952, 1956, 1958, 1960, 1964, 1968",Yes,0
VCF0389d,1952-1968 Mention 3: Like About Republican Party COLLAPSED,"Is there anything in particular that you like about the
Republican
party?
What is that? Anything else [you like about th",1-10,,"1952, 1956, 1958, 1960, 1964, 1968",Yes,10
VCF0390a,1972-2004 Mention 4: Like About Republican Party,"Is there anything in particular that you like about the
Republican
party?
What is that? Anything else [you like about th",,,"1976, 1978, 1980, 1982, 1984, 1986, 1988, 1990, 1992, 1994, 1996, 2000, 2004",Yes,0
VCF0390b,1972-2004 Mention 4: Like About Republican Party COLLAPSED,"Is there anything in particular that you like about the
Republican
party?
What is that? Anything else [you like about th",11-50,,"1976, 1978, 1980, 1982, 1984, 1986, 1988, 1990, 1992, 1994, 1996, 2000, 2004",Yes,13
VCF0390c,1952-1968 Mention 4: Like About Republican Party,"Is there anything in particular that you like about the
Republican
party?
What is that? Anything else [you like about th",,,"1952, 1956, 1958, 1960, 1964, 1968",Yes,0
VCF0390d,1952-1968 Mention 4: Like About Republican Party COLLAPSED,"Is there anything in particular that you like about the
Republican
party?
What is that? Anything else [you like about th",1-10,,"1952, 1956, 1958, 1960, 1964, 1968",Yes,10
VCF0391a,1972-2004 Mention 5: Like About Republican Party,"Is there anything in particular that you like about the
Republican
party?
What is that? Anything else [you like about th",,,"1976, 1978, 1980, 1982, 1984, 1986, 1988, 1990, 1992, 1994, 1996, 2000, 2004",Yes,0
VCF0391b,1972-2004 Mention 5: Like About Republican Party COLLAPSED,"Is there anything in particular that you like about the
Republican
party?
What is that? Anything else [you like about th",11-50,,"1976, 1978, 1980, 1982, 1984, 1986, 1988, 1990, 1992, 1994, 1996, 2000, 2004",Yes,13
VCF0391c,1952-1968 Mention 5: Like About Republican Party,"Is there anything in particular that you like about the
Republican
party?
What is that? Anything else [you like about th",,,"1952, 1956, 1958, 1960, 1964, 1968",Yes,0
VCF0391d,1952-1968 Mention 5: Like About Republican Party COLLAPSED,"Is there anything in particular that you like about the
Republican
party?
What is that? Anything else [you like about th",1-10,,"1952, 1956, 1958, 1960, 1964, 1968",Yes,10
VCF0392,Dislikes Anything about Republican party,"Is there anything in particular that you don’t like about the
Republican
party?",1-5,8;9,"1972, 1976, 1978, 1980, 1982, 1984, 1986, 1988, 1990, 1992, 1994, 1996, 2000, 2004, 2008, 2012, 2016, 2020, 2024",Yes,4
VCF0393a,1972-2004 Mention 1: Dislike About Republican Party,"Is there anything in particular that you don’t like about the
Republican
party?
What is that? Anything else [you don’t l",,8888;8889,"1972, 1976, 1978, 1980, 1982, 1984, 1986, 1988, 1990, 1992, 1994, 1996, 2000, 2004",Yes,2
VCF0393b,1972-2004 Mention 1: Dislike About Republican Party COLLAPSED,"Is there anything in particular that you don’t like about the
Republican
party?
What is that? Anything else [you don’t l",11-50,88;89,"1972, 1976, 1978, 1980, 1982, 1984, 1986, 1988, 1990, 1992, 1994, 1996, 2000, 2004",Yes,15
VCF0393c,1952-1968 Mention 1: Dislike About Republican Party,"Is there anything in particular that you don’t like about the
Republican
party?
What is that? Anything else [you don’t l",,9987;9988;9989,"1952, 1956, 1958, 1960, 1964, 1968",Yes,3
VCF0393d,1952-1968 Mention 1: Dislike About Republican Party COLLAPSED,"Is there anything in particular that you don’t like about the
Republican
party?
What is that? Anything else [you don’t l",1-10,87;89,"1952, 1956, 1958, 1960, 1964, 1968",Yes,12
VCF0394a,1972-2004 Mention 2: Dislike About Republican Party,"Is there anything in particular that you don’t like about the
Republican
party?
What is that? Anything else [you don’t l",,,"1972, 1976, 1978, 1980, 1982, 1984, 1986, 1988, 1990, 1992, 1994, 1996, 2000, 2004",Yes,0
VCF0394b,1972-2004 Mention 2: Dislike About Republican Party COLLAPSED,"Is there anything in particular that you don’t like about the
Republican
party?
What is that? Anything else [you don’t l",11-50,,"1972, 1976, 1978, 1980, 1982, 1984, 1986, 1988, 1990, 1992, 1994, 1996, 2000, 2004",Yes,13
VCF0394c,1952-1968 Mention 2: Dislike About Republican Party,"Is there anything in particular that you don’t like about the
Republican
party?
What is that? Anything else [you don’t l",,,"1952, 1956, 1958, 1960, 1964, 1968",Yes,0
VCF0394d,1952-1968 Mention 2: Dislike About Republican Party COLLAPSED,"Is there anything in particular that you don’t like about the
Republican
party?
What is that? Anything else [you don’t l",1-10,,"1952, 1956, 1958, 1960, 1964, 1968",Yes,10
VCF0395a,1972-2004 Mention 3: Dislike About Republican Party,"Is there anything in particular that you don’t like about the
Republican
party?
What is that? Anything else [you don’t l",,,"1972, 1976, 1978, 1980, 1982, 1984, 1986, 1988, 1990, 1992, 1994, 1996, 2000, 2004",Yes,0
VCF0395b,1972-2004 Mention 3: Dislike About Republican Party COLLAPSED,"Is there anything in particular that you don’t like about the
Republican
party?
What is that? Anything else [you don’t l",11-50,,"1972, 1976, 1978, 1980, 1982, 1984, 1986, 1988, 1990, 1992, 1994, 1996, 2000, 2004",Yes,13
VCF0395c,1952-1968 Mention 3: Dislike About Republican Party,"Is there anything in particular that you don’t like about the
Republican
party?
What is that? Anything else [you don’t l",,,"1952, 1956, 1958, 1960, 1964, 1968",Yes,0
VCF0395d,1952-1968 Mention 3: Dislike About Republican Party COLLAPSED,"Is there anything in particular that you don’t like about the
Republican
party?
What is that? Anything else [you don’t l",1-10,,"1952, 1956, 1958, 1960, 1964, 1968",Yes,10
VCF0396a,1972-2004 Mention 4: Dislike About Republican Party,"Is there anything in particular that you don’t like about the
Republican
party?
What is that? Anything else [you don’t l",,,"1976, 1978, 1980, 1982, 1984, 1986, 1988, 1990, 1992, 1994, 1996, 2000, 2004",Yes,0
VCF0396b,1972-2004 Mention 4: Dislike About Republican Party COLLAPSED,"Is there anything in particular that you don’t like about the
Republican
party?
What is that? Anything else [you don’t l",11-50,,"1976, 1978, 1980, 1982, 1984, 1986, 1988, 1990, 1992, 1994, 1996, 2000, 2004",Yes,13
VCF0396c,1952-1968 Mention 4: Dislike About Republican Party,"Is there anything in particular that you don’t like about the
Republican
party?
What is that? Anything else [you don’t l",,,"1952, 1956, 1958, 1960, 1964, 1968",Yes,0
VCF0396d,1952-1968 Mention 4: Dislike About Republican Party COLLAPSED,"Is there anything in particular that you don’t like about the
Republican
party?
What is that? Anything else [you don’t l",1-10,,"1952, 1956, 1958, 1960, 1964, 1968",Yes,10
VCF0397a,1972-2004 Mention 5: Dislike About Republican Party,"Is there anything in particular that you don’t like about the
Republican
party?
What is that? Anything else [you don’t l",,,"1976, 1978, 1980, 1982, 1984, 1986, 1988, 1990, 1992, 1994, 1996, 2000, 2004",Yes,0
VCF0397b,1972-2004 Mention 5: Dislike About Republican Party COLLAPSED,"Is there anything in particular that you don’t like about the
Republican
party?
What is that? Anything else [you don’t l",11-40,,"1976, 1978, 1980, 1982, 1984, 1986, 1988, 1990, 1992, 1994, 1996, 2000, 2004",Yes,13
VCF0397c,1952-1968 Mention 5: Dislike About Republican Party,"Is there anything in particular that you don’t like about the
Republican
party?
What is that? Anything else [you don’t l",,,"1952, 1956, 1958, 1960, 1964, 1968",Yes,0
VCF0397d,1952-1968 Mention 5: Dislike About Republican Party COLLAPSED,"Is there anything in particular that you don’t like about the
Republican
party?
What is that? Anything else [you don’t l",1-10,,"1952, 1956, 1958, 1960, 1964, 1968",Yes,10
VCF0401,Democratic Presidential Cand: Respondent Likes - Number of Mentions,"Now I’d like to ask you about the good and bad points of the
two
(1996 and later: ‘the major’) candidates for President.",0-5,9,"1952, 1956, 1960, 1964, 1968, 1972, 1976, 1980, 1984, 1988, 1992, 1996, 2000, 2004",Yes,7
VCF0402,Democratic Presidential Cand: Respondent Dislikes - Number of Mentions,"Is there anything in particular about [Democratic
presidential
candidate] that might make you want to vote against
him?
",0-5,9,"1952, 1956, 1960, 1964, 1968, 1972, 1976, 1980, 1984, 1988, 1992, 1996, 2000, 2004",Yes,7
VCF0403,Democratic Presidential Cand: Affect (Likes-Dislikes),Affect toward Democratic Presidential candidate,,99,,Yes,4
VCF0404,Democratic Presidential Cand: Salience (Likes-Dislikes),Salience of Democratic Presidential candidate,0-10,99,,Yes,3
VCF0405,Republican Presidential Cand: Respondent Likes - Number of Mentions,"Now I’d like to ask you about the good and bad points of the two
(1996
and later: the major) candidates for President.
I",0-5,9,"1952, 1956, 1960, 1964, 1968, 1972, 1976, 1980, 1984, 1988, 1992, 1996, 2000, 2004",Yes,7
VCF0406,Republican Presidential Cand: Respondent Dislikes - Number of Mentions,"Is there anything in particular about [Republican
presidential
candidate] that might make you want to vote against
him?
",0-5,9,"1952, 1956, 1960, 1964, 1968, 1972, 1976, 1980, 1984, 1988, 1992, 1996, 2000, 2004",Yes,7
VCF0407,Republican Presidential Cand: Affect (Likes-Dislikes),Affect toward Republican Presidential candidate,,99,,Yes,4
VCF0408,Republican Presidential Cand: Salience (Likes-Dislikes),Salience of Republican Presidential candidate,0-10,99,,Yes,3
VCF0409,Presidential Candidates: Affect (Likes-Dislikes),Net affect toward Major party Presidential candidates,,999,,Yes,4
VCF0410,Presidential Candidates: Salience (Likes-Dislikes),Major party Presidential candidate salience,0-20,99,,Yes,3
VCF0411,Presidential Candidates: Relative Salience (Likes-Dislikes),Major party relative salience of Presidential candidates,,999,,Yes,4
VCF0412,Thermometer Average - Presidential Candidates,Thermometers– both Major party Presidential candidates,,98;99,2020,Yes,2
VCF0413,Thermometer Index - Presidential Candidates,Major party Presidential candidate thermometer index,2-99,998;999,2020,Yes,5
VCF0414,Thermometer Average - Vice-Presidential Candidates,Thermometers– both Major party vice-Presidential candidates,,98;99,2020,Yes,2
VCF0415,Thermometer Index - Vice-Presidential Candidates,Major party vice-Presidential candidate thermometer index,2-99,998;999,2020,Yes,5
VCF0424,Thermometer - Democratic Presidential Candidate,Democratic Presidential candidate thermometer,0-97,98;99,"1968, 1972, 1976, 1980, 1984, 1988, 1992, 1996, 2000, 2004, 2008, 2012, 2016, 2020, 2024",Yes,3
VCF0425,Thermometer - Democratic Vice-presidential Candidate,Democratic vice-presidential candidate thermometer,0-97,98;99,"1968, 1972, 1976, 1980, 1984, 1988, 1992, 1996, 2000, 2004, 2008, 2012, 2016, 2020, 2024",Yes,3
VCF0426,Thermometer - Republican Presidential Candidate,Republican Presidential candidate thermometer,0-97,98;99,"1968, 1972, 1976, 1980, 1984, 1988, 1992, 1996, 2000, 2004, 2008, 2012, 2016, 2020, 2024",Yes,3
VCF0427,Thermometer - Republican Vice-presidential Candidate,Republican vice-presidential candidate thermometer,0-97,98;99,"1968, 1972, 1976, 1980, 1984, 1988, 1992, 1996, 2000, 2004, 2008, 2012, 2016, 2020, 2024",Yes,3
VCF0428,Thermometer - U.S. President,President thermometer,0-97,98;99,"1968, 1970, 1972, 1974, 1976, 1978, 1980, 1982, 1984, 1986, 1988, 1990, 1992, 1994, 1996, 1998, 2000, 2002, 2004, 2008, 2012, 2016, 2024",Yes,3
VCF0429,Thermometer - Vice-president,Vice-president thermometer,0-97,98;99,"1968, 1970, 1972, 1974, 1976, 1978, 1980, 1982, 1984, 1986, 1988, 1990, 1992, 1994, 1996, 1998, 2000, 2002, 2004, 2012, 2024",Yes,3
VCF0432,Thermometer - Hubert Humphrey,Hubert Humphrey – thermometer,0-97,98;99,"1968, 1970, 1972, 1974, 1976",Yes,3
VCF0433,Thermometer - Ted Kennedy,Ted Kennedy – thermometer,0-97,98;99,"1970, 1972, 1974, 1976, 1978, 1980, 1982, 1984, 1988",Yes,3
VCF0434,Thermometer - Eugene McCarthy,Eugene Mccarthy – thermometer,0-97,98;99,"1968, 1970, 1976",Yes,3
VCF0435,Thermometer - George McGovern,George Mcgovern – thermometer,0-97,98;99,"1970, 1972, 1976, 1980, 1984",Yes,3
VCF0436,Thermometer - Walter Mondale,Walter Mondale – thermometer,0-97,98;99,"1974, 1976, 1978, 1980, 1982, 1984",Yes,3
VCF0437,Thermometer - Edmund Muskie,Edmund Muskie – thermometer,0-97,98;99,"1968, 1970, 1972",Yes,3
VCF0438,Thermometer - George Bush Sr.,George Bush Sr. – thermometer,0-97,98;99,"1980, 1982, 1984, 1986, 1988, 1990, 1992, 2000",Yes,3
VCF0439,Thermometer - George Wallace,George Wallace – thermometer,0-97,98;99,"1968, 1970, 1972, 1974, 1976, 1978, 1980",Yes,3
VCF0440,Thermometer - Spiro Agnew,Spiro Agnew – thermometer,0-97,98;99,"1968, 1970, 1972",Yes,3
VCF0441,Thermometer - Gerald Ford,Gerald Ford – thermometer,0-97,98;99,"1974, 1976, 1978, 1980, 1984",Yes,3
VCF0442,Thermometer - Richard Nixon,Richard Nixon – thermometer,0-97,98;99,"1968, 1970, 1972, 1974, 1976, 1978, 1980, 1982, 1984",Yes,3
VCF0443,Thermometer - Ronald Reagan,"(2004: And finally, in retrospect,) Ronald Reagan – thermometer",0-97,98;99,"1968, 1970, 1976, 1978, 1980, 1982, 1984, 1986, 1988, 1990, 2004",Yes,3
VCF0444,Thermometer - Nelson Rockefeller,Nelson Rockefeller – thermometer,0-97,98;99,"1968, 1974, 1976",Yes,3
VCF0445,Thermometer - Robert Dole,Robert Dole – thermometer,0-97,98;99,"1976, 1984, 1986, 1988, 1994, 1996",Yes,3
VCF0446,Thermometer - Jimmy Carter,Jimmy Carter – thermometer,0-97,98;99,"1976, 1978, 1980, 1982, 1984, 1988",Yes,3
VCF0447,Thermometer - Bill Clinton,Bill Clinton – thermometer,0-97,98;99,"1992, 1994, 1996, 1998, 2000, 2002, 2004, 2008, 2016",Yes,3
VCF0448,Thermometer - Al Gore,Al Gore – thermometer,0-97,98;99,"1992, 1994, 1996, 1998, 2000, 2002",Yes,3
VCF0449,Thermometer - Ross Perot,Ross Perot – thermometer,0-97,98;99,"1992, 1994, 1996",Yes,3
VCF0450,Approve of President Performance,"Do you approve or disapprove of the way that [the president]
is
handling his/her job as President?",1-8,0,"1972, 1974, 1976, 1978, 1980, 1982, 1984, 1986, 1988, 1990, 1992, 1994, 1996, 1998, 2000, 2002, 2004, 2008, 2012, 2016, 2020, 2024",Yes,4
VCF0451,Strength Approve/Disapprove President Performance,"Do you approve or disapprove of the way that [the president]
is
handling his/her job as President?
Do you (approve/disap",1-8,0,"1980, 1982, 1984, 1986, 1988, 1990, 1992, 1994, 1996, 1998, 2000, 2002, 2004, 2008, 2012, 2016, 2020, 2024",Yes,6
VCF0471,Thermometer - Hillary Clinton,Hillary Clinton – thermometer,0-97,98;99,"1992, 1994, 1996, 1998, 2000, 2002, 2004, 2008, 2012, 2016",Yes,3
VCF0472,Thermometer - Pat Buchanan,Pat Buchanan – thermometer,0-97,98;99,"1992, 1996, 1998, 2000",Yes,3
VCF0473,Thermometer - Dan Quayle,Dan Quayle – thermometer,0-97,98;99,"1988, 1990, 1992, 1994, 1998",Yes,3
VCF0475,Likes Anything about Democratic Presidential Cand,"Is there anything in particular about {DEMOCRATIC
PRESIDENTIAL
CANDIDATE} that might make you want to vote for him?",1-5,8;9,"1972, 1976, 1980, 1984, 1988, 1992, 1996, 2000, 2004, 2008, 2012, 2016, 2020, 2024",Yes,4
VCF0476a,1972-2004 Mention 1: Like About Democratic Presidential Cand,"Is there anything in particular about {DEMOCRATIC
PRESIDENTIAL
CANDIDATE} that might make you want to vote for
him?
What",,8888;8889,"1972, 1976, 1980, 1984, 1988, 1992, 1996, 2000, 2004",Yes,2
VCF0476b,1972-2004 Mention 1: Like About Democratic Presidential Cand COLLAPSED,"Is there anything in particular about {DEMOCRATIC
PRESIDENTIAL
CANDIDATE} that might make you want to vote for
him?
What",11-50,88;89,"1972, 1976, 1980, 1984, 1988, 1992, 1996, 2000, 2004",Yes,15
VCF0476c,1952-1968 Mention 1: Like About Democratic Presidential Cand,"Is there anything in particular about {DEMOCRATIC
PRESIDENTIAL
CANDIDATE} that might make you want to vote for
him?
What",,9987;9988;9989,"1952, 1956, 1960, 1964, 1968",Yes,3
VCF0476d,1952-1968 Mention 1: Like About Democratic Presidential Cand COLLAPSED,"Is there anything in particular about {DEMOCRATIC
PRESIDENTIAL
CANDIDATE} that might make you want to vote for
him?
What",21-30,87;89,"1952, 1956, 1960, 1964, 1968",Yes,12
VCF0477a,1972-2004 Mention 2: Like About Democratic Presidential Cand,"Is there anything in particular about {DEMOCRATIC
PRESIDENTIAL
CANDIDATE} that might make you want to vote for
him?
What",,,"1972, 1976, 1980, 1984, 1988, 1992, 1996, 2000, 2004",Yes,0
VCF0477b,1972-2004 Mention 2: Like About Democratic Presidential Cand COLLAPSED,"Is there anything in particular about {DEMOCRATIC
PRESIDENTIAL
CANDIDATE} that might make you want to vote for
him?
What",11-50,,"1972, 1976, 1980, 1984, 1988, 1992, 1996, 2000, 2004",Yes,13
VCF0477c,1952-1968 Mention 2: Like About Democratic Presidential Cand,"Is there anything in particular about {DEMOCRATIC
PRESIDENTIAL
CANDIDATE} that might make you want to vote for
him?
What",,,"1952, 1956, 1960, 1964, 1968",Yes,0
VCF0477d,1952-1968 Mention 2: Like About Democratic Presidential Cand COLLAPSED,"Is there anything in particular about {DEMOCRATIC
PRESIDENTIAL
CANDIDATE} that might make you want to vote for
him?
What",21-30,,"1952, 1956, 1960, 1964, 1968",Yes,10
VCF0478a,1972-2004 Mention 3: Like About Democratic Presidential Cand,"Is there anything in particular about {DEMOCRATIC
PRESIDENTIAL
CANDIDATE} that might make you want to vote for
him?
What",,,"1972, 1976, 1980, 1984, 1988, 1992, 1996, 2000, 2004",Yes,0
VCF0478b,1972-2004 Mention 3: Like About Democratic Presidential Cand COLLAPSED,"Is there anything in particular about {DEMOCRATIC
PRESIDENTIAL
CANDIDATE} that might make you want to vote for
him?
What",11-50,,"1972, 1976, 1980, 1984, 1988, 1992, 1996, 2000, 2004",Yes,13
VCF0478c,1952-1968 Mention 3: Like About Democratic Presidential Cand,"Is there anything in particular about {DEMOCRATIC
PRESIDENTIAL
CANDIDATE} that might make you want to vote for
him?
What",,,"1952, 1956, 1960, 1964, 1968",Yes,0
VCF0478d,1952-1968 Mention 3: Like About Democratic Presidential Cand COLLAPSED,"Is there anything in particular about {DEMOCRATIC
PRESIDENTIAL
CANDIDATE} that might make you want to vote for
him?
What",21-30,,"1952, 1956, 1960, 1964, 1968",Yes,10
VCF0479a,1972-2004 Mention 4: Like About Democratic Presidential Cand,"Is there anything in particular about {DEMOCRATIC
PRESIDENTIAL
CANDIDATE} that might make you want to vote for
him?
What",,,"1976, 1980, 1984, 1988, 1992, 1996, 2000, 2004",Yes,0
VCF0479b,1972-2004 Mention 4: Like About Democratic Presidential Cand COLLAPSED,"Is there anything in particular about {DEMOCRATIC
PRESIDENTIAL
CANDIDATE} that might make you want to vote for
him?
What",11-50,,"1976, 1980, 1984, 1988, 1992, 1996, 2000, 2004",Yes,13
VCF0479c,1952-1968 Mention 4: Like About Democratic Presidential Cand,"Is there anything in particular about {DEMOCRATIC
PRESIDENTIAL
CANDIDATE} that might make you want to vote for
him?
What",,,"1952, 1956, 1960, 1964, 1968",Yes,0
VCF0479d,1952-1968 Mention 4: Like About Democratic Presidential Cand COLLAPSED,"Is there anything in particular about {DEMOCRATIC
PRESIDENTIAL
CANDIDATE} that might make you want to vote for
him?
What",21-30,,"1952, 1956, 1960, 1964, 1968",Yes,10
VCF0480a,1972-2004 Mention 5: Like About Democratic Presidential Cand,"Is there anything in particular about {DEMOCRATIC
PRESIDENTIAL
CANDIDATE} that might make you want to vote for
him?
What",,,"1976, 1980, 1984, 1988, 1992, 1996, 2000, 2004",Yes,0
VCF0480b,1972-2004 Mention 5: Like About Democratic Presidential Cand COLLAPSED,"Is there anything in particular about {DEMOCRATIC
PRESIDENTIAL
CANDIDATE} that might make you want to vote for
him?
What",11-50,,"1976, 1980, 1984, 1988, 1992, 1996, 2000, 2004",Yes,13
VCF0480c,1952-1968 Mention 5: Like About Democratic Presidential Cand,"Is there anything in particular about {DEMOCRATIC
PRESIDENTIAL
CANDIDATE} that might make you want to vote for
him?
What",,,"1952, 1956, 1960, 1964, 1968",Yes,0
VCF0480d,1952-1968 Mention 5: Like About Democratic Presidential Cand COLLAPSED,"Is there anything in particular about {DEMOCRATIC
PRESIDENTIAL
CANDIDATE} that might make you want to vote for
him?
What",21-30,,"1952, 1956, 1960, 1964, 1968",Yes,10
VCF0481,Dislikes Anything about Democratic Presidential Cand,"Is there anything in particular about {DEMOCRATIC
PRESIDENTIAL
CANDIDATE} that might make you want to vote against him?",1-5,8;9,"1972, 1976, 1980, 1984, 1988, 1992, 1996, 2000, 2004, 2008, 2012, 2016, 2020, 2024",Yes,4
VCF0482a,1972-2004 Mention 1: Dislike About Democratic Presidential Cand,"Is there anything in particular about {DEMOCRATIC
PRESIDENTIAL
CANDIDATE} that might make you want to vote against
him?
",,8888;8889,"1972, 1976, 1980, 1984, 1988, 1992, 1996, 2000, 2004",Yes,2
VCF0482b,1972-2004 Mention 1: Dislike About Democratic Presidential Cand COLLAPSED,"Is there anything in particular about {DEMOCRATIC
PRESIDENTIAL
CANDIDATE} that might make you want to vote against
him?
",11-50,88;89,"1972, 1976, 1980, 1984, 1988, 1992, 1996, 2000, 2004",Yes,15
VCF0482c,1952-1968 Mention 1: Dislike About Democratic Presidential Cand,"Is there anything in particular about {DEMOCRATIC
PRESIDENTIAL
CANDIDATE} that might make you want to vote against
him?
",,9987;9988;9989,"1952, 1956, 1960, 1964, 1968",Yes,3
VCF0482d,1952-1968 Mention 1: Dislike About Democratic Presidential Cand COLLAPSED,"Is there anything in particular about {DEMOCRATIC
PRESIDENTIAL
CANDIDATE} that might make you want to vote against
him?
",21-30,87;89,"1952, 1956, 1960, 1964, 1968",Yes,12
VCF0483a,1972-2004 Mention 2: Dislike About Democratic Presidential Cand,"Is there anything in particular about {DEMOCRATIC
PRESIDENTIAL
CANDIDATE} that might make you want to vote against
him?
",,,"1972, 1976, 1980, 1984, 1988, 1992, 1996, 2000, 2004",Yes,0
VCF0483b,1972-2004 Mention 2: Dislike About Democratic Presidential Cand COLLAPSED,"Is there anything in particular about {DEMOCRATIC
PRESIDENTIAL
CANDIDATE} that might make you want to vote against
him?
",11-50,,"1972, 1976, 1980, 1984, 1988, 1992, 1996, 2000, 2004",Yes,13
VCF0483c,1952-1968 Mention 2: Dislike About Democratic Presidential Cand,"Is there anything in particular about {DEMOCRATIC
PRESIDENTIAL
CANDIDATE} that might make you want to vote against
him?
",,,"1952, 1956, 1960, 1964, 1968",Yes,0
VCF0483d,1952-1968 Mention 2: Dislike About Democratic Presidential Cand COLLAPSED,"Is there anything in particular about {DEMOCRATIC
PRESIDENTIAL
CANDIDATE} that might make you want to vote against
him?
",21-30,,"1952, 1956, 1960, 1964, 1968",Yes,10
VCF0484a,1972-2004 Mention 3: Dislike About Democratic Presidential Cand,"Is there anything in particular about {DEMOCRATIC
PRESIDENTIAL
CANDIDATE} that might make you want to vote against
him?
",,,"1972, 1976, 1980, 1984, 1988, 1992, 1996, 2000, 2004",Yes,0
VCF0484b,1972-2004 Mention 3: Dislike About Democratic Presidential Cand COLLAPSED,"Is there anything in particular about {DEMOCRATIC
PRESIDENTIAL
CANDIDATE} that might make you want to vote against
him?
",11-50,,"1972, 1976, 1980, 1984, 1988, 1992, 1996, 2000, 2004",Yes,13
VCF0484c,1952-1968 Mention 3: Dislike About Democratic Presidential Cand,"Is there anything in particular about {DEMOCRATIC
PRESIDENTIAL
CANDIDATE} that might make you want to vote against
him?
",,,"1952, 1956, 1960, 1964, 1968",Yes,0
VCF0484d,1952-1968 Mention 3: Dislike About Democratic Presidential Cand COLLAPSED,"Is there anything in particular about {DEMOCRATIC
PRESIDENTIAL
CANDIDATE} that might make you want to vote against
him?
",21-30,,"1952, 1956, 1960, 1964, 1968",Yes,10
VCF0485a,1972-2004 Mention 4: Dislike About Democratic Presidential Cand,"Is there anything in particular about {DEMOCRATIC
PRESIDENTIAL
CANDIDATE} that might make you want to vote against
him?
",,,"1976, 1980, 1984, 1988, 1992, 1996, 2000, 2004",Yes,0
VCF0485b,1972-2004 Mention 4: Dislike About Democratic Presidential Cand COLLAPSED,"Is there anything in particular about {DEMOCRATIC
PRESIDENTIAL
CANDIDATE} that might make you want to vote against
him?
",11-50,,"1976, 1980, 1984, 1988, 1992, 1996, 2000, 2004",Yes,13
VCF0485c,1952-1968 Mention 4: Dislike About Democratic Presidential Cand,"Is there anything in particular about {DEMOCRATIC
PRESIDENTIAL
CANDIDATE} that might make you want to vote against
him?
",,,"1952, 1956, 1960, 1964, 1968",Yes,0
VCF0485d,1952-1968 Mention 4: Dislike About Democratic Presidential Cand COLLAPSED,"Is there anything in particular about {DEMOCRATIC
PRESIDENTIAL
CANDIDATE} that might make you want to vote against
him?
",21-30,,"1952, 1956, 1960, 1964, 1968",Yes,10
VCF0486a,1972-2004 Mention 5: Dislike About Democratic Presidential Cand,"Is there anything in particular about {DEMOCRATIC
PRESIDENTIAL
CANDIDATE} that might make you want to vote against
him?
",,,"1976, 1980, 1984, 1988, 1992, 1996, 2000, 2004",Yes,0
VCF0486b,1972-2004 Mention 5: Dislike About Democratic Presidential Cand COLLAPSED,"Is there anything in particular about {DEMOCRATIC
PRESIDENTIAL
CANDIDATE} that might make you want to vote against
him?
",11-50,,"1976, 1980, 1984, 1988, 1992, 1996, 2000, 2004",Yes,13
VCF0486c,1952-1968 Mention 5: Dislike About Democratic Presidential Cand,"Is there anything in particular about {DEMOCRATIC
PRESIDENTIAL
CANDIDATE} that might make you want to vote against
him?
",,,"1952, 1956, 1960, 1964, 1968",Yes,0
VCF0486d,1952-1968 Mention 5: Dislike About Democratic Presidential Cand COLLAPSED,"Is there anything in particular about {DEMOCRATIC
PRESIDENTIAL
CANDIDATE} that might make you want to vote against
him?
",21-30,,"1952, 1956, 1960, 1964, 1968",Yes,10
VCF0487,Likes anything about Republican Presidential Cand,"Is there anything in particular about {REPUBLICAN
PRESIDENTIAL
CANDIDATE} that might make you want to vote for him?",1-5,8;9,"1972, 1976, 1980, 1984, 1988, 1992, 1996, 2000, 2004, 2008, 2012, 2016, 2020, 2024",Yes,4
VCF0488a,1972-2004 Mention 1: Like About Republican Presidential Cand,"Is there anything in particular about {REPUBLICAN
PRESIDENTIAL
CANDIDATE} that might make you want to vote for
him?
What",,8888;8889,"1972, 1976, 1980, 1984, 1988, 1992, 1996, 2000, 2004",Yes,2
VCF0488b,1972-2004 Mention 1: Like About Republican Presidential Cand COLLAPSED,"Is there anything in particular about {REPUBLICAN
PRESIDENTIAL
CANDIDATE} that might make you want to vote for
him?
What",11-50,88;89,"1972, 1976, 1980, 1984, 1988, 1992, 1996, 2000, 2004",Yes,15
VCF0488c,1952-1968 Mention 1: Like About Republican Presidential Cand,"Is there anything in particular about {REPUBLICAN
PRESIDENTIAL
CANDIDATE} that might make you want to vote for
him?
What",,9987;9988;9989,"1952, 1956, 1960, 1964, 1968",Yes,3
VCF0488d,1952-1968 Mention 1: Like About Republican Presidential Cand COLLAPSED,"Is there anything in particular about {REPUBLICAN
PRESIDENTIAL
CANDIDATE} that might make you want to vote for
him?
What",21-30,87;89,"1952, 1956, 1960, 1964, 1968",Yes,12
VCF0489a,1972-2004 Mention 2: Like About Republican Presidential Cand,"Is there anything in particular about {REPUBLICAN
PRESIDENTIAL
CANDIDATE} that might make you want to vote for
him?
What",,,"1972, 1976, 1980, 1984, 1988, 1992, 1996, 2000, 2004",Yes,0
VCF0489b,1972-2004 Mention 2: Like About Republican Presidential Cand COLLAPSED,"Is there anything in particular about {REPUBLICAN
PRESIDENTIAL
CANDIDATE} that might make you want to vote for
him?
What",11-50,,"1972, 1976, 1980, 1984, 1988, 1992, 1996, 2000, 2004",Yes,13
VCF0489c,1952-1968 Mention 2: Like About Republican Presidential Cand,"Is there anything in particular about {REPUBLICAN
PRESIDENTIAL
CANDIDATE} that might make you want to vote for
him?
What",,,"1952, 1956, 1960, 1964, 1968",Yes,0
VCF0489d,1952-1968 Mention 2: Like About Republican Presidential Cand COLLAPSED,"Is there anything in particular about {REPUBLICAN
PRESIDENTIAL
CANDIDATE} that might make you want to vote for
him?
What",21-30,,"1952, 1956, 1960, 1964, 1968",Yes,10
VCF0490a,1972-2004 Mention 3: Like About Republican Presidential Cand,"Is there anything in particular about {REPUBLICAN
PRESIDENTIAL
CANDIDATE} that might make you want to vote for
him?
What",,,"1972, 1976, 1980, 1984, 1988, 1992, 1996, 2000, 2004",Yes,0
VCF0490b,1972-2004 Mention 3: Like About Republican Presidential Cand COLLAPSED,"Is there anything in particular about {REPUBLICAN
PRESIDENTIAL
CANDIDATE} that might make you want to vote for
him?
What",11-50,,"1972, 1976, 1980, 1984, 1988, 1992, 1996, 2000, 2004",Yes,13
VCF0490c,1952-1968 Mention 3: Like About Republican Presidential Cand,"Is there anything in particular about {REPUBLICAN
PRESIDENTIAL
CANDIDATE} that might make you want to vote for
him?
What",,,"1952, 1956, 1960, 1964, 1968",Yes,0
VCF0490d,1952-1968 Mention 3: Like About Republican Presidential Cand COLLAPSED,"Is there anything in particular about {REPUBLICAN
PRESIDENTIAL
CANDIDATE} that might make you want to vote for
him?
What",21-30,,"1952, 1956, 1960, 1964, 1968",Yes,10
VCF0491a,1972-2004 Mention 4: Like About Republican Presidential Cand,"Is there anything in particular about {REPUBLICAN
PRESIDENTIAL
CANDIDATE} that might make you want to vote for
him?
What",,,"1976, 1980, 1984, 1988, 1992, 1996, 2000, 2004",Yes,0
VCF0491b,1972-2004 Mention 4: Like About Republican Presidential Cand COLLAPSED,"Is there anything in particular about {REPUBLICAN
PRESIDENTIAL
CANDIDATE} that might make you want to vote for
him?
What",11-50,,"1976, 1980, 1984, 1988, 1992, 1996, 2000, 2004",Yes,13
VCF0491c,1952-1968 Mention 4: Like About Republican Presidential Cand,"Is there anything in particular about {REPUBLICAN
PRESIDENTIAL
CANDIDATE} that might make you want to vote for
him?
What",,,"1952, 1956, 1960, 1964, 1968",Yes,0
VCF0491d,1952-1968 Mention 4: Like About Republican Presidential Cand COLLAPSED,"Is there anything in particular about {REPUBLICAN
PRESIDENTIAL
CANDIDATE} that might make you want to vote for
him?
What",21-30,,"1952, 1956, 1960, 1964, 1968",Yes,10
VCF0492a,1972-2004 Mention 5: Like About Republican Presidential Cand,"Is there anything in particular about {REPUBLICAN
PRESIDENTIAL
CANDIDATE} that might make you want to vote for
him?
What",,,"1976, 1980, 1984, 1988, 1992, 1996, 2000, 2004",Yes,0
VCF0492b,1972-2004 Mention 5: Like About Republican Presidential Cand COLLAPSED,"Is there anything in particular about {REPUBLICAN
PRESIDENTIAL
CANDIDATE} that might make you want to vote for
him?
What",11-50,,"1976, 1980, 1984, 1988, 1992, 1996, 2000, 2004",Yes,13
VCF0492c,1952-1968 Mention 5: Like About Republican Presidential Cand,"Is there anything in particular about {REPUBLICAN
PRESIDENTIAL
CANDIDATE} that might make you want to vote for
him?
What",,,"1952, 1956, 1960, 1964, 1968",Yes,0
VCF0492d,1952-1968 Mention 5: Like About Republican Presidential Cand COLLAPSED,"Is there anything in particular about {REPUBLICAN
PRESIDENTIAL
CANDIDATE} that might make you want to vote for
him?
What",21-30,,"1952, 1956, 1960, 1964, 1968",Yes,10
VCF0493,Dislikes anything about Republican Presidential Cand,"Is there anything in particular about {REPUBLICAN
PRESIDENTIAL
CANDIDATE} that might make you want to vote against him?",1-5,8;9,"1972, 1976, 1980, 1984, 1988, 1992, 1996, 2000, 2004, 2008, 2012, 2016, 2020, 2024",Yes,4
VCF0494a,1972-2004 Mention 1: Dislike About Republican Presidential Cand,"Is there anything in particular about {REPUBLICAN
PRESIDENTIAL
CANDIDATE} that might make you want to vote against
him?
",,8888;8889,"1972, 1976, 1980, 1984, 1988, 1992, 1996, 2000, 2004",Yes,2
VCF0494b,1972-2004 Mention 1: Dislike About Republican Presidential Cand COLLAPSED,"Is there anything in particular about {REPUBLICAN
PRESIDENTIAL
CANDIDATE} that might make you want to vote against
him?
",11-50,88;89,"1972, 1976, 1980, 1984, 1988, 1992, 1996, 2000, 2004",Yes,15
VCF0494c,1952-1968 Mention 1: Dislike About Republican Presidential Cand,"Is there anything in particular about {REPUBLICAN
PRESIDENTIAL
CANDIDATE} that might make you want to vote against
him?
",,9987;9988;9989,"1952, 1956, 1960, 1964, 1968",Yes,3
VCF0494d,1952-1968 Mention 1: Dislike About Republican Presidential Cand COLLAPSED,"Is there anything in particular about {REPUBLICAN
PRESIDENTIAL
CANDIDATE} that might make you want to vote against
him?
",21-30,87;89,"1952, 1956, 1960, 1964, 1968",Yes,12
VCF0495a,1972-2004 Mention 2: Dislike About Republican Presidential Cand,"Is there anything in particular about {REPUBLICAN
PRESIDENTIAL
CANDIDATE} that might make you want to vote against
him?
",,,"1972, 1976, 1980, 1984, 1988, 1992, 1996, 2000, 2004",Yes,0
VCF0495b,1972-2004 Mention 2: Dislike About Republican Presidential Cand COLLAPSED,"Is there anything in particular about {REPUBLICAN
PRESIDENTIAL
CANDIDATE} that might make you want to vote against
him?
",11-40,,"1972, 1976, 1980, 1984, 1988, 1992, 1996, 2000, 2004",Yes,13
VCF0495c,1952-1968 Mention 2: Dislike About Republican Presidential Cand,"Is there anything in particular about {REPUBLICAN
PRESIDENTIAL
CANDIDATE} that might make you want to vote against
him?
",,,"1952, 1956, 1960, 1964, 1968",Yes,0
VCF0495d,1952-1968 Mention 2: Dislike About Republican Presidential Cand COLLAPSED,"Is there anything in particular about {REPUBLICAN
PRESIDENTIAL
CANDIDATE} that might make you want to vote against
him?
",21-30,,"1952, 1956, 1960, 1964, 1968",Yes,10
VCF0496a,1972-2004 Mention 3: Dislike About Republican Presidential Cand,"Is there anything in particular about {REPUBLICAN
PRESIDENTIAL
CANDIDATE} that might make you want to vote against
him?
",,,"1972, 1976, 1980, 1984, 1988, 1992, 1996, 2000, 2004",Yes,0
VCF0496b,1972-2004 Mention 3: Dislike About Republican Presidential Cand COLLAPSED,"Is there anything in particular about {REPUBLICAN
PRESIDENTIAL
CANDIDATE} that might make you want to vote against
him?
",11-50,,"1972, 1976, 1980, 1984, 1988, 1992, 1996, 2000, 2004",Yes,13
VCF0496c,1952-1968 Mention 3: Dislike About Republican Presidential Cand,"Is there anything in particular about {REPUBLICAN
PRESIDENTIAL
CANDIDATE} that might make you want to vote against
him?
",,,"1952, 1956, 1960, 1964, 1968",Yes,0
VCF0496d,1952-1968 Mention 3: Dislike About Republican Presidential Cand COLLAPSED,"Is there anything in particular about {REPUBLICAN
PRESIDENTIAL
CANDIDATE} that might make you want to vote against
him?
",21-30,,"1952, 1956, 1960, 1964, 1968",Yes,10
VCF0497a,1972-2004 Mention 4: Dislike About Republican Presidential Cand,"Is there anything in particular about {REPUBLICAN
PRESIDENTIAL
CANDIDATE} that might make you want to vote against
him?
",,,"1976, 1980, 1984, 1988, 1992, 1996, 2000, 2004",Yes,0
VCF0497b,1972-2004 Mention 4: Dislike About Republican Presidential Cand COLLAPSED,"Is there anything in particular about {REPUBLICAN
PRESIDENTIAL
CANDIDATE} that might make you want to vote against
him?
",11-50,,"1976, 1980, 1984, 1988, 1992, 1996, 2000, 2004",Yes,13
VCF0497c,1952-1968 Mention 4: Dislike About Republican Presidential Cand,"Is there anything in particular about {REPUBLICAN
PRESIDENTIAL
CANDIDATE} that might make you want to vote against
him?
",,,"1952, 1956, 1960, 1964, 1968",Yes,0
VCF0497d,1952-1968 Mention 4: Dislike About Republican Presidential Cand COLLAPSED,"Is there anything in particular about {REPUBLICAN
PRESIDENTIAL
CANDIDATE} that might make you want to vote against
him?
",21-30,,"1952, 1956, 1960, 1964, 1968",Yes,10
VCF0498a,1972-2004 Mention 5: Dislike About Republican Presidential Cand,"Is there anything in particular about {REPUBLICAN
PRESIDENTIAL
CANDIDATE} that might make you want to vote against
him?
",,,"1976, 1980, 1984, 1988, 1992, 1996, 2000, 2004",Yes,0
VCF0498b,1972-2004 Mention 5: Dislike About Republican Presidential Cand COLLAPSED,"Is there anything in particular about {REPUBLICAN
PRESIDENTIAL
CANDIDATE} that might make you want to vote against
him?
",11-50,,"1976, 1980, 1984, 1988, 1992, 1996, 2000, 2004",Yes,13
VCF0498c,1952-1968 Mention 5: Dislike About Republican Presidential Cand,"Is there anything in particular about {REPUBLICAN
PRESIDENTIAL
CANDIDATE} that might make you want to vote against
him?
",,,"1952, 1956, 1960, 1964, 1968",Yes,0
VCF0498d,1952-1968 Mention 5: Dislike About Republican Presidential Cand COLLAPSED,"Is there anything in particular about {REPUBLICAN
PRESIDENTIAL
CANDIDATE} that might make you want to vote against
him?
",21-29,30,"1952, 1956, 1960, 1964, 1968",Yes,10
VCF0501,Difference Between Major Parties,"Do you think there are any important differences in what
the
Republicans and Democrats stand for?",1-9,0,"1952, 1960, 1964, 1966, 1968, 1972, 1976, 1980, 1984, 1986, 1988, 1990, 1992, 1994, 1996, 1998, 2000, 2004, 2008, 2012, 2016, 2020, 2024",Yes,4
VCF0502,Which Major Party is More Conservative 3-Category,"1960-1976: 
Would you say that one of the parties (1972: either
party) is more
conservative or more liberal than the oth",1-9,0,"1960, 1964, 1968, 1970, 1972, 1976, 1984, 1988, 1990, 1992, 2004, 2008, 2012, 2016, 2020, 2024",Yes,4
VCF0502a,Which Major Party is More Conservative 4-Category,"1970-1976: 
Would you say that one of the parties (1972: either
party) is more
conservative or more liberal than the oth",1-9,0,"1970, 1972, 1976, 1984, 1988, 1990, 1992, 2004, 2008, 2012, 2016, 2020",Yes,5
VCF0503,Democratic Party- Liberal-Conservative Scale,"We hear a lot of talk these days about liberals and
conservatives.
I’m going to show you (1996 AND LATER: Here is) a
sev",1-7,0;8,"1972, 1974, 1976, 1978, 1980, 1982, 1984, 1986, 1988, 1990, 1992, 1994, 1996, 1998, 2000, 2004, 2008, 2012, 2016, 2020, 2024",Yes,9
VCF0504,Republican Party- Liberal-Conservative Scale,Republican Party - R’s rating of party on liberal/conservative scale,1-7,0;8,"1972, 1974, 1976, 1978, 1980, 1982, 1984, 1986, 1988, 1990, 1992, 1994, 1996, 1998, 2000, 2004, 2008, 2012, 2016, 2020, 2024",Yes,9
VCF0507,Which Party Favors Government Help With Medical Care,"1960,1962: 
Which party do you think is more likely to see to it that
people get
doctors and hospital care at low cost, ",1-3,0;8;9,"1960, 1962, 1964, 1968",Yes,6
VCF0508,Democratic Party- Government Health Insurance Scale,"There is much concern about the rapid rise in medical and
hospital
costs.
Some (1988,1994: people) feel there should be ",1-7,0;8,"1970, 1972, 1976, 1978, 1988, 1994, 2012",Yes,4
VCF0509,Republican Party- Government Health Insurance Scale,Republican Party - R’s rating of party on govt health insurance scale,1-7,0;8,"1970, 1972, 1976, 1978, 1988, 1994, 2012",Yes,4
VCF0512,Which Party Favors Guaranteed Jobs and Standard of Living,"1960: 
Which party do you think is more likely to see to it that
everybody who
wants to work can find a job, the Democra",1-3,0;8,"1960, 1964, 1968",Yes,5
VCF0513,Democratic Party- Guaranteed Jobs-Living Scale,"Some people feel that the government in Washington should see to
it
that every person has a job and a good standard of l",1-7,0;8;9,"1972, 1974, 1976, 1978, 1980, 1982, 1984, 1988, 1992, 1994, 2000, 2012",Yes,5
VCF0514,Republican Party- Guaranteed Jobs-Living Scale,Republican Party - R’s rating of party on jobs/std of living scale,1-7,0;8;9,"1972, 1974, 1976, 1978, 1980, 1982, 1984, 1988, 1992, 1994, 2000, 2012",Yes,5
VCF0517,Democratic Party- Aid to Blacks Scale,"1988 FORM A, 1990 AND LATER: Some people feel that the government
in
Washington should make every possible effort to imp",1-7,0;8;9,"1970, 1972, 1974, 1976, 1978, 1980, 1982, 1984, 1988, 1990, 1994, 2000, 2004",Yes,5
VCF0518,Republican Party- Aid to Blacks Scale,"Republican Party - R’s rating of party on aid to
blacks/minorities
scale",1-7,0;8;9,"1970, 1972, 1974, 1976, 1978, 1980, 1982, 1984, 1988, 1990, 1994, 2000, 2004",Yes,5
VCF0521,Which Party Favors Stronger Government,"Which party do you think is more likely to favor a stronger
[1978,1980,
1984: more powerful; 1988,1992: a powerful] gove",1-8,0,"1964, 1968, 1972, 1976, 1978, 1980, 1984, 1988, 1992, 2000",Yes,5
VCF0521a,Which Party Favors Stronger Government w/ No Opinion,"Which party do you think is more likely to favor a
stronger
[1978,1980, 1984: more powerful; 1988,1992: a powerful]
gove",1-9,0,"1964, 1968, 1972, 1976, 1978, 1980, 1984, 1988, 1992, 2000",Yes,5
VCF0522,Which Party Will Best Avoid War/Bigger War,"Looking ahead, do you think the problem of keeping out of
war
(1966-1972: a bigger war) would be handled better in the n",1-9,0,"1956, 1960, 1964, 1966, 1968, 1970, 1972, 1980, 1982, 1984, 1986, 1988, 1992, 1996, 2000, 2004",Yes,5
VCF0523,Which Party Favors Military Spending Cut,"Which political party do you think is more in favor of
cutting
military spending - the Democrats, the Republicans, or
wo",1-3,0;8,"1972, 1976",No,5
VCF0524,Democratic Party- Rights of Accused Scale,"Some people are primarily concerned with doing everything possible
to
protect the legal rights of those accused of commi",1-7,0;8,"1970, 1972, 1974, 1976, 1978",Yes,4
VCF0525,Republican Party- Rights of Accused Scale,Republican Party - R’s rating of party on rights of accused scale,1-7,0;8,"1970, 1972, 1974, 1976, 1978",Yes,4
VCF0528,Democratic Party- Urban Unrest Scale,"There is much discussion about the best way to deal with the
problem
of urban unrest and rioting.
Some say it is more im",1-7,0;8,"1970, 1972, 1974, 1976",Yes,4
VCF0529,Republican Party- Urban Unrest Scale,Republican Party - R’s rating of party on urban unrest scale,1-7,0;8,"1970, 1972, 1974, 1976",Yes,4
VCF0533,Democratic Party- School Busing Scale,"There is much discussion about the best way to deal with
racial
problems.
Some people think achieving racial integration",1-7,0;8,"1972, 1974, 1976",Yes,4
VCF0534,Republican Party- School Busing Scale,Republican Party - R’s rating of party on school busing scale,1-7,0;8,"1972, 1974, 1976",Yes,4
VCF0537,Democratic Party- Women Equal Role Scale,"Recently there has been a lot of talk about women’s rights.
Some
people feel that women should have an equal role with m",1-7,0;8,"1972, 1976, 1978, 1980, 1982, 1988, 1998",Yes,4
VCF0538,Republican Party- Women Equal Role Scale,Republican Party - R’s rating of party on equal role for women scale,1-7,0;8,"1972, 1976, 1978, 1980, 1982, 1988, 1998",Yes,4
VCF0541,Democratic Party- Government Services-Spending Scale,"Some people think the government should provide fewer services,
even
in areas such as health and education, in order to ",1-7,0;8,"1982, 1984, 1986, 1988, 1990, 1992, 1994, 1996, 1998, 2000, 2012",Yes,4
VCF0542,Republican Party- Government Services-Spending Scale,Republican Party - R’s rating of party on government services scale,1-7,0;8,"1982, 1984, 1986, 1988, 1990, 1992, 1994, 1996, 1998, 2000, 2004, 2012",Yes,4
VCF0545,Democratic Party- Cooperation with U.S.S.R. Scale,"1980: 
Some people feel it is important for us to try very hard to
get along
with Russia. Others feel it is a big mistak",1-7,0;8,"1980, 1984, 1988",Yes,4
VCF0546,Republican Party- Cooperation with U.S.S.R. Scale,Republican Party - R’s rating of party on cooperate with Russia scale,1-7,0;8,"1980, 1984, 1988",Yes,4
VCF0549,Democratic Party- Defense Spending Scale,"Some people believe that we should spend much less money for
defense.
(1996,2004: Suppose these people are at one end of",1-7,0;8,"1980, 1982, 1984, 1986, 1988, 1990, 1992, 1996, 2000, 2004",Yes,4
VCF0550,Republican Party- Defense Spending Scale,Republican Party - R’s rating of party on defense spending,1-7,0;8,"1980, 1982, 1984, 1986, 1988, 1990, 1992, 1996, 2000, 2004",Yes,4
VCF0601,Approve Participation in Protests,"There are many possible ways for people to show their disapproval
or
disagreement with governmental policies and actions",1-3,0,"1968, 1970, 1972, 1974",Yes,4
VCF0602,Approve Civil Disobedience,"How about refusing to obey a law which one thinks is unjust, if
the
person feels so strongly about it that he is willing",1-3,0,"1968, 1970, 1972, 1974",Yes,4
VCF0603,Approve Demonstrations,"Suppose all other methods have failed and the person decides to try
to
stop the government from going about its usual ac",1-3,0,"1968, 1970, 1972, 1974, 1976",Yes,4
VCF0604,Trust the Federal Government To Do What is Right,"People have (1958,1964: I’d like to talk about some of the)
different
ideas about the government in Washington. These id",1-9,0,"1958, 1964, 1966, 1968, 1970, 1972, 1974, 1976, 1978, 1980, 1982, 1984, 1986, 1988, 1990, 1992, 1994, 1996, 1998, 2000, 2002, 2004, 2008, 2012",Yes,6
VCF0605,Federal Government Run by Few Interests or for the Benefit of All,"Would you say the government is pretty much run by a few big
interests
looking out for themselves or that it is run for ",1-9,0,"1964, 1966, 1968, 1970, 1972, 1974, 1976, 1978, 1980, 1982, 1984, 1988, 1990, 1992, 1994, 1996, 1998, 2000, 2002, 2004, 2008, 2012, 2016, 2020, 2024",Yes,4
VCF0606,How Much Does the Federal Government Waste Tax Money,"Do you think that people in the government waste a lot of money we
pay
in taxes, waste some of it, or don’t waste very m",1-9,0,"1958, 1964, 1968, 1970, 1972, 1974, 1976, 1978, 1980, 1982, 1984, 1988, 1990, 1992, 1994, 1996, 1998, 2000, 2002, 2004, 2008, 2012, 2016, 2020, 2024",Yes,5
VCF0607,How Many Government Officials Are Smart,"Do you feel that almost all of the people running the government
are
smart people (1958-1972: who usually know what they",1-9,0,"1958, 1964, 1968, 1970, 1972, 1974, 1976, 1978, 1980",Yes,4
VCF0608,How Many Government Officials Are Crooked,"Do you think that quite a few of the people running the government
are
(1958-1972: a little) crooked, not very many are,",1-9,0,"1958, 1964, 1968, 1970, 1972, 1974, 1976, 1978, 1980, 1984, 1988, 1990, 1992, 1994, 1996, 1998, 2000, 2002, 2004, 2008, 2012",Yes,5
VCF0609,Government Officials Care What People Like Respondent Think,"1952-1980,1982,1992: Now I’d like to read some of the kinds of
things
people tell us when we interview them. Please tell",1-9,0,"1952, 1956, 1960, 1964, 1966, 1968, 1970, 1972, 1974, 1976, 1978, 1980, 1982, 1984, 1986, 1988, 1990, 1992, 1994, 1996, 1998, 2000, 2002, 2004, 2008, 2012, 2016, 2020, 2024",Yes,5
VCF0610,Congressmen Lose Touch with Constituents,"‘Generallyspeaking, those we elect to Congress in Washington
lose
touch with the people pretty quickly.’",1-9,0,"1968, 1970, 1972, 1974, 1976, 1978, 1980",Yes,4
VCF0611,Parties Only Interested in Votes,"‘Parties are only interested in people’s votes but not in
their
opinions.’",1-9,0,"1968, 1970, 1972, 1974, 1976, 1978, 1980",Yes,4
VCF0612,Voting is the Only Way to Have a Say in Government,"‘Voting is the only way that people like me can have any (1956-1964:

a) say about how the government runs things.’",1-9,0,"1952, 1956, 1960, 1964, 1966, 1968, 1970, 1972, 1974, 1976, 1978, 1980",Yes,4
VCF0613,People like Respondent Have Any Say in What the Government Does,‘People like me don’t have any say about what the government does.’,1-9,0,"1952, 1956, 1960, 1964, 1966, 1968, 1970, 1972, 1974, 1976, 1978, 1980, 1982, 1984, 1988, 1990, 1992, 1994, 1996, 1998, 2000, 2002, 2004, 2008, 2012, 2016, 2020, 2024",Yes,5
VCF0614,Politics and Government Seem Too Complicated,"‘Sometimes politics and government seem so complicated that a
person
like me can’t really understand what’s going on.’",1-9,0,"1952, 1956, 1960, 1964, 1966, 1968, 1970, 1972, 1974, 1976, 1978, 1980, 1984, 1988, 1990, 1992, 1994, 1996, 1998, 2000, 2008, 2012",Yes,5
VCF0615,Matter Whether Respondent Votes or Not,"2002: Now I’d like to read you a few statements about public life.
I’ll
read them one at a time. Please tell me whether ",1-9,0,"1952, 1956, 1960, 1972, 1976, 1978, 1980, 2000, 2002",Yes,5
VCF0616,Should Those Who Don't Care About Election Outcome Vote,"‘If a person doesn’t (1988: if people don’t) care how an
election
comes out he (1980,1984: then that person; 1988,1992: ",1-9,0,"1952, 1956, 1960, 1972, 1976, 1978, 1980, 1984, 1988, 1992",Yes,5
VCF0617,Should Someone Vote If Their Party Can't Win,"‘It isn’t so important to vote when you know your party doesn’t
have
any chance to win.’",1-9,0,"1952, 1956, 1960, 1972, 1976, 1978, 1980",Yes,4
VCF0618,A Good Many Local Elections Unimportant,‘A good many local elections aren’t important enough to bother with.’,1-9,0,"1952, 1956, 1960, 1972, 1976, 1978, 1980",Yes,4
VCF0619,Most People Can Be Trusted OR: Can't Be Too Careful With People,"1968: 
Now here is something different. We have questions on other
things
besides politics.
ALL YEARS:
Generally speakin",1-9,0,"1964, 1966, 1968, 1972, 1974, 1976, 1992, 1996, 1998, 2000, 2002, 2004, 2008",Yes,4
VCF0620,People Are Helpful OR: People Look Out for Themselves,"Would you say that most of the time people try to be helpful, or
that
they are mostly just looking out for themselves?",1-9,0,"1964, 1966, 1968, 1972, 1974, 1976, 1992, 2000, 2002, 2004",Yes,4
VCF0621,People Will Take Advantage of Others OR: People Will Try to be Fair,"Do you think most people would try to take advantage of you if
they
got a chance, or would they try to be fair?",1-9,0,"1964, 1968, 1972, 1974, 1976, 1996, 1998, 2000, 2002, 2004",Yes,4
VCF0622,How Much Government Pays Attention to What People Think,"Over the years, how much attention do you feel the government pays
to
what the people think when it decides what to do –",1-9,0,"1964, 1968, 1970, 1972, 1974, 1976, 1978, 1980, 1982, 1984, 1988, 1992, 1996, 1998, 2000",Yes,5
VCF0623,How Much Parties Make Government Pay Attention to People,"How much do you feel that political parties help to make
the
government pay attention to what the people think, a good d",1-9,0,"1964, 1968, 1970, 1972, 1974, 1976, 1978, 1980",Yes,5
VCF0624,How Much Elections Make Government Pay Attention to People,"(And) How much do you feel that having elections makes the
government
pay attention to what the people think, a good dea",1-9,0,"1964, 1966, 1968, 1970, 1972, 1974, 1976, 1978, 1980, 1984, 1988, 1992, 1996, 1998, 2000, 2002, 2004, 2008, 2012, 2016, 2020, 2024",Yes,5
VCF0625,How Much Attention Congressmen Pay to Constituents,"How much attention do you think most Congressmen pay to the people
who
elect them when they decide what to do in Congres",1-9,0,"1964, 1968, 1970, 1972, 1974, 1976, 1978, 1980",Yes,5
VCF0626,Respondent Usually Able to Carry Out Plans as Expected,"1958,1960,1964: 
Now here is something a little different. It helps
use know what kinds
of people we have talked to if w",1-9,0,"1958, 1960, 1964, 1968, 1970, 1972, 1974, 1976",No,4
VCF0627,Better to Plan Life a Good Way Ahead,"Do you think it’s better to plan your life a good way ahead, or
would
you say life is too much a matter of luck to plan ",1-9,0,"1968, 1970, 1972, 1974, 1976",Yes,4
VCF0628,Sure Life Would Work out as Expected,"Have you usually felt pretty sure your life would work out the way
you
want it to, or have there been times when you hav",1-9,0,"1958, 1960, 1964, 1968, 1970, 1972, 1974, 1976",Yes,4
VCF0629,Can Run Life as Wanted,"Some people feel they can run their lives pretty much the way
they
want to; others feel the problems of life are sometim",1-9,0,"1968, 1970, 1972, 1974, 1976",Yes,4
VCF0630,Government Level Respondent Has Most Faith in,"We find that people differ in how much faith and confidence they
have
in various levels of government in this country.
I",1-9,0,"1968, 1972, 1974, 1976, 1996",No,5
VCF0631,Government Level Respondent Has Least Faith in,"Which level (1996: of government) do you have the least faith
and
confidence in – the national government, the governmen",1-9,0,"1968, 1972, 1974, 1976, 1996",No,5
VCF0632,Branch of Government Respondent Trusts Most,"Which part of the government on the list do you most often trust to
do
what’s right: Congress, the Supreme Court, the Pr",1-9,0,"1972, 1974, 1976",No,6
VCF0633,Branch of Government Respondent Trusts 2nd Most,"Which of the others do you next often trust to do what’s
right
{Congress, Supreme Court, President or political parties}",1-9,0,"1972, 1974, 1976",Yes,6
VCF0634,Branch of Government Respondent Trusts Least,"Which {part of the government} do you least often trust to do
what’s
right {Congress, Supreme Court, President or politi",1-9,0,"1972, 1974, 1976",Yes,6
VCF0640,Government Handling of Most Important Problem mentioned by Respondent,"(IF R HAS MENTIONED A ‘MOST IMPORTANT PROBLEM’ IN THE NATION: )
How
good (of) a job is the government doing in dealing w",1-8,0;9,"1976, 1978, 1980, 1984, 1986, 1988, 1992, 1996, 1998, 2000",Yes,6
VCF0648,External Efficacy Index,"External efficacy index, 100-pt scale",0-100,999,,Yes,3
VCF0649,Government Responsiveness Index,"Government responsiveness index, 100-pt scale",0-100,999,,Yes,3
VCF0650,Federal Government Performance Rating,"Now, I’d like to ask you how good a job you feel some of the parts
of
our government are doing.
As I read, please give m",0-8,9,"1974, 1976, 1980",No,6
VCF0651,State Government Performance Rating,"State governments, in general",0-8,9,"1974, 1976, 1980",Yes,6
VCF0652,Local Government Performance Rating,"Local governments, in general",0-8,9,"1974, 1976, 1980",Yes,6
VCF0653,Presidency Performance Rating,The presidency,0-8,9,"1974, 1976, 1980",Yes,6
VCF0654,Congress Performance Rating,"Congress, that is the U.S. Senate and the House of Representatives",0-8,9,"1974, 1976, 1980",Yes,6
VCF0655,Supreme Court Performance Rating,The U.S. Supreme Court,0-8,9,"1974, 1976, 1980",Yes,6
VCF0656,Trust in Government Index,"Trust in government index, 100 pt scale",0-100,999,,Yes,3
VCF0675,How Much of the Time Does Respondent Trust the Media to Report Fairly,"How much of the time do you think you can trust the media to
report
the news fairly? Just about always, most of the time",1-8,9,"1996, 1998, 2000, 2004, 2008",Yes,7
VCF0700,Who Will Be Elected President in November,Who do you think will be elected President in November?,1-8,9,"1952, 1956, 1960, 1964, 1968, 1972, 1976, 1980, 1984, 1988, 1992, 1996, 2000, 2004, 2008, 2016, 2020, 2024",No,5
VCF0701,Registered to Vote Pre-Election,"Now how about the election this November. (1952-1964: Do you know
if
you are; 1968-1980: Are you) registered/eligible so",1-2,0,"1952, 1956, 1960, 1964, 1968, 1972, 1976, 1980",Yes,3
VCF0702,Did Respondent Vote in the National Elections,"1948: 
In the election, about half the people voted and about half
of
them didn’t. Did you vote?
1962:
One of the things",1-2,0,"1948, 1952, 1956, 1958, 1960, 1962, 1964, 1966, 1968, 1970, 1972, 1974, 1976, 1978, 1980, 1982, 1984, 1986, 1988, 1990, 1992, 1994, 1996, 1998, 2000, 2002, 2004, 2008, 2012, 2016, 2020, 2024",Yes,3
VCF0703,Register and Turnout SUMMARY,Summary: did R register and vote,1-3,0,"1952, 1956, 1960, 1964, 1968, 1972, 1976, 1978, 1980, 1982, 1984, 1986, 1988, 1990, 1992, 1994, 1996, 1998, 2000, 2002, 2004, 2008, 2012, 2016, 2020, 2024",Yes,4
VCF0704,Vote for President- Major Candidates,"1948: 
(IF R VOTED:) Whom did you vote for?
1952-1964:
(IF R
VOTED:) Who did you vote for President?
1968-1976:
(IF R VO",1-3,0,"1948, 1952, 1956, 1960, 1964, 1968, 1972, 1976, 1980, 1984, 1988, 1992, 1996, 2000, 2004, 2008, 2012, 2020, 2024",No,4
VCF0704a,Vote for President- Major Parties,Major party presidential vote (2 party),1-2,0,"1948, 1952, 1956, 1960, 1964, 1968, 1972, 1976, 1980, 1984, 1988, 1992, 1996, 2000, 2004, 2008, 2012, 2016, 2020",Yes,3
VCF0705,Vote for President- Major Parties and Other,Presidential vote (major parties and all ‘other’),1-3,0,"1948, 1952, 1956, 1960, 1964, 1968, 1972, 1976, 1980, 1984, 1988, 1992, 1996, 2000, 2004, 2008, 2012, 2016, 2020",Yes,4
VCF0706,Vote and Nonvote- President,Presidential vote and nonvote,1-7,0,"1948, 1952, 1956, 1960, 1964, 1968, 1972, 1976, 1980, 1984, 1988, 1992, 1996, 2000, 2004, 2008, 2012, 2016, 2020",Yes,6
VCF0707,Vote for Congressman,"1952-1970: 
COUNTY OF REGISTRATION NOT DETERMINED [NO BALLOT
CARD]:
How about the vote for Congressman. Did you vote for",1-2,0,"1952, 1956, 1958, 1960, 1962, 1964, 1966, 1968, 1970, 1972, 1974, 1976, 1978, 1980, 1982, 1984, 1986, 1988, 1990, 1992, 1994, 1996, 1998, 2000, 2002, 2004, 2008, 2012, 2016, 2020, 2024",Yes,3
VCF0708,Vote for Senator,"1952-1976: 
How about the vote for United States Senator? Did you
vote for a
candidate for Senator? (IF YES:) Who did yo",1-2,0,"1952, 1956, 1958, 1960, 1964, 1966, 1968, 1970, 1972, 1974, 1976, 1978, 1980, 1982, 1984, 1986, 1988, 1990, 1992, 1994, 1996, 1998, 2000, 2002, 2004, 2008, 2012, 2016, 2020, 2024",Yes,3
VCF0709,Vote Ticket-splitting- President/House,Ticket splitting Presidential vs. Congressional vote,1-4,0,"2016, 2020",Yes,5
VCF0710,Vote Ticket-splitting- President/Senate,Ticket splitting Presidential vs. Senatorial vote,1-4,0,,Yes,5
VCF0711,Does Respondent Always Vote for the Same Party,"Have you always voted for the same party or have you voted
for
different parties for President?",1-2,0,"1952, 1956, 1958, 1960, 1962, 1964, 1966, 1968, 1970, 1972, 1974, 1976, 1980",Yes,3
VCF0712,Timing of Respondent's Presidential Vote Decision,"How long before the election did you decide that you were going
to
vote the way you did?",1-6,0,"1948, 1952, 1956, 1960, 1964, 1968, 1972, 1976, 1980, 1984, 1988, 1992, 1996, 2000, 2016, 2020",Yes,7
VCF0713,Respondent Pre-election Intent for Vote for President,"ALL YEARS EXC. 1948,1992,2012: 
So far as you know now, do you expect
to vote in the national elections
this coming Nove",1-9,0,"1948, 1952, 1956, 1960, 1964, 1968, 1972, 1976, 1980, 1984, 1988, 1992, 1996, 2000, 2004, 2008, 2012, 2016, 2020, 2024",Yes,6
VCF0714,Will the Presidential Election Be Close,"(IF R PREDICTS A WINNER IN PRESIDENTIAL ELECTION: ) Do you think it
[the
presidential race] will be a close race or will",1-9,0,"1952, 1956, 1960, 1964, 1968, 1972, 1976, 1980, 1984, 1988, 1992, 1996, 2000, 2004, 2008, 2012, 2016, 2020",Yes,4
VCF0715,State/Local Vote Straight Ticker or Split 5-Category,"Howabout the elections for other state and local offices, did
you
vote a straight ticket or did you vote for candidates ",1-5,0,"1952, 1956, 1958, 1960, 1962, 1964, 1966, 1968, 1970, 1972, 1974, 1980, 1982, 1984",Yes,6
VCF0716,State/Local Vote Straight Ticker or Split 2-Category,"1948: 
Did you vote a straight ticket or did you vote for some
candidates from
other parties?
ALL YEARS EXC. 1948:
How a",1-2,0,"1948, 1952, 1956, 1958, 1960, 1962, 1964, 1966, 1968, 1970, 1972, 1974, 1980, 1982, 1984",Yes,3
VCF0717,Respondent Try to Influence the Vote of Others During the Campaign,"1952,1956,1960-1964: 
I have a list of some of the things that people
do that help a party or
a candidate win an electio",1-2,0,"1952, 1956, 1958, 1960, 1962, 1964, 1966, 1968, 1970, 1972, 1974, 1976, 1978, 1980, 1982, 1984, 1986, 1988, 1990, 1992, 1994, 1996, 1998, 2000, 2002, 2004, 2008, 2012, 2016, 2020, 2024",Yes,3
VCF0718,Respondent Attend Political Meetings/Rallies During the Campaign,"Did you go to any political meetings, rallies, (1984 AND LATER:

speeches,) (1978,1980,1982: fund raising) dinners, or t",1-2,0,"1952, 1956, 1960, 1962, 1964, 1968, 1970, 1972, 1974, 1976, 1978, 1980, 1982, 1984, 1986, 1988, 1990, 1992, 1994, 1996, 1998, 2000, 2002, 2004, 2008, 2012, 2016, 2020, 2024",Yes,3
VCF0719,Respondent Work for Party or Candidate During the Campaign,Did you do any {other} work for one of the parties or candidates?,1-2,0,"1952, 1956, 1960, 1962, 1964, 1968, 1970, 1972, 1974, 1976, 1978, 1980, 1982, 1984, 1986, 1988, 1990, 1992, 1994, 1996, 1998, 2000, 2002, 2004, 2008, 2012, 2016, 2020, 2024",Yes,3
VCF0720,Respondent Display Candidate Button/Sticker During the Campaign,"1956,1960,1962-1982: Did you wear a campaign button or put a
campaign
sticker on your car?
1984 AND LATER: Did you wear ",1-2,0,"1956, 1960, 1962, 1964, 1968, 1970, 1972, 1974, 1976, 1978, 1980, 1982, 1984, 1986, 1988, 1990, 1992, 1994, 1996, 1998, 2000, 2002, 2004, 2008, 2012, 2016, 2020, 2024",Yes,3
VCF0721,Respondent Donate Money to Party or Candidate During the Campaign,"1952,1956,1960,1962: 
Did you give any money or buy any tickets or
anything to help the
campaign for one of the parties ",1-2,0,"1952, 1956, 1960, 1962, 1964, 1966, 1968, 1972, 1974, 1976, 1978, 1980, 1982, 1984, 1986, 1988, 1990, 1992, 1994, 1996, 1998, 2000, 2002, 2004, 2008, 2012, 2016, 2020, 2024",Yes,3
VCF0722,Has Respondent Ever Written a Letter to a Public Official,"1972,1976: 
Aside from this particular election campaign, here are
some other ways
people can be involved in politics.
A",1-2,0,"1964, 1968, 1972, 1976",Yes,3
VCF0723,Count of Campaign Participation Activities 6-Category,Campaign participation count [1],1-6,0,,Yes,3
VCF0723a,Count of Campaign Participation Activities 4-Category,Campaign participation count [2],1-4,0,,Yes,3
VCF0724,Watch TV Programs about the Election Campaigns,"1952,1956: How about television - did you watch any programs about the
campaign 
on
television.
::::::::::::::::::::::::",1-2,0,"1952, 1956, 1960, 1964, 1968, 1972, 1974, 1976, 1978, 1980, 1982, 1984, 1986, 1990, 1992, 1996, 2000, 2002, 2004, 2008, 2012",Yes,3
VCF0725,Hear Programs about Campaigns on the Radio 2-Category,"1952,1956: 
How about radio–did you listen to any speeches or
discussions about the
campaign on the radio? (1952 only: I",1-2,0,"1952, 1956, 1960, 1964, 1968, 1972, 1976, 1978, 1980, 1982, 1984, 1986, 1988, 1992, 1996, 2000, 2004",Yes,3
VCF0726,Articles about Election Campaigns in Magazines,"How about magazines– did you read about the campaign in any
magazines.
1952 IF YES: 
Would you say you read quite a lot ",1-2,0,"1952, 1956, 1960, 1964, 1968, 1972, 1976, 1978, 1980, 1982, 1984, 1988, 1992, 1996, 2004",Yes,3
VCF0727,Number of Articles about Election Campaigns in Magazines,"1952,1956,1960,1964,1968,1972,1976: 
We’re (1952: mainly) interested
in this interview in finding out whether
people pai",1-2,0,"1952, 1956, 1960, 1964, 1968, 1972, 1974, 1976, 1978, 1980, 1982, 1984, 1986, 1988, 1990, 1992, 1996, 2000, 2004, 2008",Yes,3
VCF0728,Count of Media Exposure Types,Campaign media exposure count,1-5,0,,Yes,3
VCF0729,Party with House Majority Before the Election,"1958-1968: Do you happen to know which party had the most
Congressmen
in Washington before the election this/last month?",1-2,0,"1958, 1960, 1964, 1966, 1968, 1970, 1972, 1976, 1978, 1980, 1982, 1984, 1986, 1988, 1990, 1992, 1994, 1996, 1998, 2000, 2002, 2004, 2008, 2012, 2016, 2020",Yes,3
VCF0730,Party with House Majority After the Election,"1958-1968: 
Do you happen to know which party elected the most
Congressmen in the
elections this/last month? (IF YES:) W",1-2,0,"1958, 1960, 1964, 1966, 1968, 1970, 1972, 1976, 1978, 1980, 1982, 1984",Yes,3
VCF0731,Respondent Discuss Politics with Family and Friends,Do you ever discuss politics with your family or friends?,1-5,8;9,"1984, 1986, 1990, 1992, 1994, 1996, 1998, 2000, 2002, 2004, 2008, 2012, 2016, 2020",No,4
VCF0732,How Often Respondent Discusses Politics with Family and Friends,"Do you ever discuss politics with your family or friends
(RESPONDENT
BOOKLET)
How often do you discuss politics with you",1-5,9,"1984, 1986, 1990, 1992, 1994, 1998",Yes,6
VCF0733,How Often in the Last Week Respondent Discussed Politics,"How many days in the past week did you talk about politics with
your
family or friend",0-7,9,"1984, 1986, 1990, 1992, 1994, 1996, 1998, 2000, 2002, 2004, 2008, 2012, 2016, 2020",Yes,9
VCF0734,Intended Presidential Vote versus Actual Presidential Vote,Reported Pre vote intention/reported Post vote - President,1-9,0,,Yes,10
VCF0735,Vote for U.S. House- Candidate Code,Candidate code of House vote,31-97,0;98;99,"1978, 1980, 1982, 1984, 1986, 1988, 1990, 1992, 1994, 1996, 1998, 2000, 2002, 2004, 2008, 2012",Yes,21
VCF0736,Vote for U.S. House- Party,Congressional vote: including ‘other’ (see also: VCF0707),1-7,0,"1952, 1956, 1958, 1960, 1962, 1964, 1966, 1968, 1970, 1972, 1974, 1976, 1978, 1980, 1982, 1984, 1986, 1988, 1990, 1992, 1994, 1996, 1998, 2000, 2002, 2004, 2008, 2012, 2016, 2020",Yes,4
VCF0737,Registered to Vote Post-Election,"1948: 
Were you registered (eligible) to vote?
All years exc.
1948:
Were you registered to vote in this election?",1-2,9,"1948, 1952, 1978, 1980, 1982, 1984, 1986, 1988, 1990, 1992, 1994, 1996, 1998, 2000, 2002, 2004, 2008",Yes,3
VCF0738,Party of Registration Post-election,"Were you registered in this election as being a Republican, a
Democrat,
an Independent or what?",1-8,0;9,"1978, 1980, 1982, 1984, 1986",Yes,7
VCF0738a,Party of Registration Pre-election,"(IF R IS REGISTERED) Are you registered as being a Republican,
a
Democrat or anything else?",1-8,0;9,"1972, 1976",Yes,6
VCF0739,Respondent Made $1 Tax Checkoff for Political Contribution,"1980-1984: Now for a few questions about giving money during this
last
election campaign.
All YEARS:
Did you use the one",1-2,0,"1980, 1982, 1984, 1986, 1988, 1990, 1992",Yes,3
VCF0740,Contribute to Political Party During the Campaigns,"1980-1982: 
Apart from contributions to specific candidates, how
about contributions
to any of the political parties? Di",1-2,0,"1980, 1982, 1984, 1986, 1988, 1990, 1992, 1994, 1996, 1998, 2000, 2002, 2004, 2008, 2012, 2016",Yes,3
VCF0741,Contribute to PAC During the Campaigns,"1984: 
As you know, during an election year people are often asked to
make a
contribution to support campaigns. During t",1-2,0,"1984, 1986, 1988, 1990, 1992, 1994, 1996, 1998, 2000, 2002, 2004, 2008, 2012, 2016",Yes,3
VCF0742,Give Money to Individual Candidate During the Campaigns,"1980,1982: 
What about other political contributions [other than tax
check-offs].
Did you give any money this year to a ",1-2,0,"1980, 1982, 1984, 1986, 1988, 1990, 1992, 1994, 1996, 1998, 2000, 2002, 2004, 2008, 2012, 2016",Yes,3
VCF0743,Does R Belong to Political Organization or Club,Do you belong to any political club or organization?,1-5,9,"1952, 1956, 1960, 1962, 1964, 1968, 1970, 1978, 1980, 1982",Yes,3
VCF0744,Have Access to Internet,"Do you have access to the Internet or the World Wide Web [exc. 2008:

(‘the Web’)]?",1-5,9,"1996, 1998, 2000, 2004, 2008",Yes,3
VCF0745,Saw Election Campaign Information on the Internet,"1996-2004: (IF R HAS ACCESS TO THE INTERNET/WEB:) Have you seen
any
information about this election campaign on (the Int",1-5,9,"1996, 1998, 2000, 2004",Yes,4
VCF0746,Did Religious/Moral Group Try to Influence Respondent Vote,"Were there any groups concerned with moral or religious issues
that
tried to encourage you to vote in a particular way?",1-5,9,"1996, 1998, 2000",No,3
VCF0747,Information about Candidates/Parties/Issues at Church,"Was information about candidates, parties, or political issues
made
available in your place of worship before the electi",1-7,9,"1996, 1998, 2000",No,4
VCF0748,Voted on Election Day or Before,"Did you vote on election day – that is [date of election] or did
you
vote at some time before this?",1-5,9,"1994, 1996, 1998, 2000, 2002, 2004, 2008, 2020",No,3
VCF0749,How Long Before Election Did Respondent Vote,"(IF R VOTED BEFORE ELECTION DAY: )
How long before [date of election]
did you vote?",1-97,99,"1994, 1996, 1998, 2000, 2002, 2004, 2008",Yes,13
VCF0750,Vote in Person Or with Absentee Ballot,"(IF R VOTED BEFORE ELECTION DAY: )
Did you vote in person or by
absentee ballot?",1-7,9,"1990, 1992, 1994, 1996, 1998, 2000, 2002, 2004, 2008",No,4
VCF0801,Thermometer Index - Rating of Liberals and Conservatives,Liberal/conservative index,0-97,98;99,,Yes,5
VCF0803,Liberal-Conservative Scale,"ALL YEARS EXC. 2000 TELEPHONE,2002: 
We hear a lot of talk these days
about liberals and conservatives. Here
is (1972,19",1-9,0,"1972, 1974, 1976, 1978, 1980, 1982, 1984, 1986, 1988, 1990, 1992, 1994, 1996, 1998, 2000, 2002, 2004, 2008, 2012, 2016, 2020, 2024",Yes,9
VCF0804,Liberal-Conservative Scale 1972- COLLAPSED,"ALL YEARS EXC. 2000 TELEPHONE,2002: 
We hear a lot of talk these days
about liberals and conservatives. Here
is (1972,19",1-9,0,,Yes,5
VCF0805,Government Assistance with Medical Care,"1956,1960: 
Around election time people talk about different things
that our
government in Washington is doing or should",1-9,0,"1956, 1960, 1962, 1964, 1968",Yes,4
VCF0806,Government Health Insurance Scale,"There is much concern about the rapid rise in medical and
hospital
costs. Some (1988,1994-LATER: people) feel there shou",1-9,0,"1970, 1972, 1976, 1978, 1984, 1988, 1992, 1994, 1996, 2000, 2004, 2008, 2012, 2016, 2020, 2024",Yes,4
VCF0808,Guaranteed Jobs and Income,"1956-1960: 
(Same introduction as in VCF0805 [CARD WITH RESPONSES
SHOWN]).
‘The government in Washington ought to see to",1-9,0,"1956, 1958, 1960, 1964, 1968, 2002",Yes,4
VCF0809,Guaranteed Jobs and Income Scale,"Some people feel that the government in Washington should see to
it
that every person has a job and a good standard of l",1-9,0,"1972, 1974, 1976, 1978, 1980, 1982, 1984, 1986, 1988, 1990, 1992, 1994, 1996, 1998, 2000, 2004, 2008, 2012, 2016, 2020, 2024",Yes,4
VCF0811,Urban Unrest Scale,"There is much discussion about the best way to deal with the
problem
of urban unrest and rioting. Some say it is more im",1-7,0;9,"1968, 1970, 1972, 1974, 1976, 1992",Yes,4
VCF0813,How Much Has the Position of Blacks Changed,"1964-1976: 
In the past few years we have heard a lot about civil
rights groups
working to improve the position of the N",1-9,0,"1964, 1966, 1968, 1970, 1972, 1976, 1984, 1986, 1988, 1990, 1992, 1994",Yes,5
VCF0814,Civil Rights Pushes Too Fast or Not Fast Enough,"Some say that the civil rights people have been trying to push
too
fast. Others feel they haven’t pushed fast enough.
Ho",1-9,0,"1964, 1966, 1968, 1970, 1972, 1974, 1976, 1980, 1984, 1986, 1988, 1990, 1992",Yes,5
VCF0815,Segregation or Desegregation,"(1964,1968-1972, 1976: What about you?)
Are you in favor of
desegregation, strict segregation, or something in
between?",1-9,0,"1964, 1968, 1970, 1972, 1976, 1978",Yes,5
VCF0816,Should Government Ensure School Integration,"1962: 
How about this statement, ‘The government in Washington should
see to it
that white and colored children are allo",1-9,0,"1962, 1964, 1966, 1968, 1970, 1972, 1976, 1978, 1986, 1990, 1992, 1994, 2000",Yes,4
VCF0817,School Busing Scale,"There is much discussion about the best way to deal with
racial
problems. Some people think achieving racial integration",1-9,0,"1972, 1974, 1976, 1980, 1984",No,4
VCF0818,Should Government Ensure Fair Jobs/Housing for Blacks,"1956,1960: 
If Negroes are not getting fair treatment in jobs and
housing, the
government should see to it that they do’",1-5,9,"1956, 1958, 1960",Yes,6
VCF0819,Open Housing,"1964,1968-1972,1976: 
Which of these statements would you agree with:
(STATEMENTS CONTAINED IN
CODE CATEGORIES READ TO R",1-9,0,"1964, 1966, 1968, 1970, 1972, 1976",Yes,4
VCF0820,Do Whites in the Area Favor Segregation,"How about white people in this area? How many would you say are
in
favor of strict segregation of the races - all of the",1-9,0,"1964, 1968, 1970, 1972, 1976",Yes,7
VCF0821,Do Blacks in the Area Favor Desegregation,"In general, how many of the black people (1964,1968,1970: Negroes)
in
this area would you say are in favor of desegregat",1-9,0,"1964, 1968, 1970, 1972, 1976",Yes,7
VCF0822,Rating of Government Economic Policy,"As to the economic policy of the government – I mean steps taken
to
fight inflation or unemployment – would you say the ",1-3,0;9,"1972, 1974, 1976",No,5
VCF0823,Better off if U.S. Unconcerned with Rest of World,"1956-1960: (Same introduction as in VCF0805 [CARD WITH RESPONSES
SHOWN]).
1968,1980:
Now I’d like to read some of the th",1-9,0,"1956, 1958, 1960, 1968, 1972, 1976, 1980, 1984, 1986, 1988, 1990, 1992, 1994, 1996, 1998, 2000, 2002, 2004, 2008, 2012, 2016, 2020, 2024",Yes,4
VCF0824,If Compelled to Choose Liberal or Conservative,"We hear a lot of talk these days about liberals and
conservatives.
Here is (1972,1974: I’m going to show you) a 7-point
",1-8,0;9,"1984, 1986, 1988, 1990, 1992, 1994, 1996, 1998, 2000, 2002, 2004, 2008, 2012, 2016, 2020",Yes,7
VCF0825,How Likely for U.S. to be at War/in Bigger War,"How about the chances of our country getting into a bigger
war?
Compared to a few years ago, do you think we are more li",1-9,0,"1966, 1968, 1970, 1972",Yes,5
VCF0826,Did U.S. Do Right Thing Getting Involved in War,"1952: 
Do you think we did the right thing in getting into the
fighting in
Korea two years ago or should we have stayed
",1-8,0;9,"1952, 1964, 1966, 1968, 1970, 1972, 2008",Yes,5
VCF0827,How Should U.S. Proceed in Current War,"1952: 
Which of the following things do you think it would be best
for us to do
now in Korea? (OPTIONS CORRESPONDING TO ",1-9,0,"1952, 1964, 1966, 1968, 1970",Yes,5
VCF0827a,U.S. Stand in Vietnam Scale,"(1968,1970: There is much talk about ‘hawks’ and ‘doves’ in
connection
with Vietnam, and considerable disagreement as to",1-8,0;9,"1968, 1970, 1972",Yes,5
VCF0828,Should Government Cut Military Spending,"Some people believe that our armed forces are already powerful
enough
and that we should spend less money for defense. O",1-9,0,"1972, 1976",Yes,4
VCF0829,Is the Government in Washington Too Strong,"Some people are afraid the government in Washington is getting
too
powerful for the good of the country and the individu",1-9,0,"1964, 1966, 1968, 1970, 1972, 1976, 1978, 1980, 1984, 1988, 1992, 2000",Yes,4
VCF0830,Aid to Blacks Scale,"1970-1984,1986 FORM B, 1988 FORM B: 
Some people feel that the
government in Washington should make every
possible effor",1-9,0,"1970, 1972, 1974, 1976, 1978, 1980, 1982, 1984, 1986, 1988, 1990, 1992, 1994, 1996, 1998, 2000, 2004, 2008, 2016, 2020, 2024",Yes,4
VCF0832,Rights of the Accused Scale,"Some people are primarily concerned with doing everything possible
to
protect the legal rights of those accused of commi",1-9,0,"1970, 1972, 1974, 1976, 1978",No,4
VCF0833,Favor or Oppose Equal Rights Amendment,"1976: An effort is being made to pass an amendment to the
U.S.
Constitution which would guarantee equal rights for all
c",1-8,9,"1976, 1978, 1980",No,4
VCF0834,Women Equal Role Scale,"Recently there has been a lot of talk about women’s rights.
Some
people feel that women should have an equal role with m",1-9,0,"1972, 1974, 1976, 1978, 1980, 1982, 1984, 1988, 1990, 1992, 1994, 1996, 1998, 2000, 2004, 2008",Yes,4
VCF0836,Should Women Stay out of Politics,"1952 INTRO: 
Now I’d like to read some of the kinds of things people
tell me when I
interview them, and ask you whether ",1-9,0,"1952, 1972",Yes,4
VCF0837,When Should Abortion Be Allowed,"(1972,1976: Still on the subject of women’s rights,)
There has been
some discussion about abortion during recent years.
",1-9,0,"1972, 1976, 1978, 1980",Yes,6
VCF0838,"By Law, When Should Abortion Be Allowed","ALL YEARS EXCEPT 2000 TELEPHONE: 
There has been some discussion
about abortion during recent years.
(RESPONDENT BOOKLET",1-9,0,"1980, 1982, 1984, 1986, 1988, 1990, 1992, 1994, 1996, 1998, 2000, 2004, 2008, 2012, 2016, 2020, 2024",Yes,6
VCF0839,Government Services-Spending Scale,"Some people think the government should provide fewer services,
even
in areas such as health and education, in order to ",1-9,0,"1982, 1984, 1986, 1988, 1990, 1992, 1994, 1996, 1998, 2000, 2004, 2008, 2012, 2016, 2020, 2024",Yes,4
VCF0840,Favor or Oppose Term Limits,"A law has been proposed that would limit members of Congress to no
more
than 12 consecutive years of service in that off",1-8,9,"1992, 1994, 1998",Yes,4
VCF0841,Cooperation with U.S.S.R. Scale,"1980: 
Some people feel it is important for us to try very hard to
get along
with Russia. Others feel it is a big mistak",1-9,0,"1980, 1984, 1986, 1988",No,4
VCF0842,Environmental Regulation Scale,"Some people think we need much tougher government regulations
on
business in order to protect the environment. (Suppose
",1-9,0,"1996, 1998, 2000, 2020, 2024",Yes,4
VCF0843,Defense Spending Scale,"Some people believe that we should spend much less money for
defense.
(1996,2004: Suppose these people are at one end of",1-9,0,"1980, 1982, 1984, 1986, 1988, 1990, 1992, 1994, 1996, 2000, 2004, 2008, 2016, 2020, 2024",Yes,4
VCF0844,How Willing Should U.S. Be to Use Military Force,"In the future, how willing should the United States be to use
military
force to solve international problems – extremely",1-8,9,"1992, 1996, 1998",Yes,7
VCF0845,Authority of the Bible 1964-1990,"Here are four statements about the Bible and I’d like you to tell
me
which is closest to your own view. (STATEMENTS SHOW",1-9,0,"1964, 1968, 1980, 1984, 1986, 1988, 1990",Yes,6
VCF0846,Is Religion Important to Respondent,"(2002: Now on another topic. . .)
Do you consider religion to be an
important part of your life, or not?",1-2,0;8,"1980, 1984, 1986, 1988, 1990, 1992, 1994, 1996, 1998, 2000, 2002, 2004, 2008, 2012, 2016, 2020, 2024",Yes,4
VCF0847,How Much Guidance from Religion,"(IF RELIGION IS IMPORTANT: ) Would you say that (1996-LATER: Would
you
say your) religion provides some guidance in your",1-5,0;8,"1980, 1984, 1986, 1988, 1990, 1992, 1994, 1996, 1998, 2000, 2002, 2004, 2008, 2012, 2016",Yes,6
VCF0848,Concern about Conventional War,"1956: 
Now I’d like to ask you some questions about the chances of
our country
getting into war. Would you say that at t",1-9,0,"1956, 1960, 1964, 1982, 1984, 1986, 1988, 1990, 1992, 2000, 2002",Yes,5
VCF0848a,Concern about Nuclear War,"How worried are you about our country getting into a nuclear war at
this
time? Are you very worried, somewhat worried, o",1-8,9,"1984, 1988, 1990, 1992, 2000, 2002",Yes,5
VCF0849,Liberal-Conservative Position 1984- COLLAPSED,"We hear a lot of talk these days about liberals and conservatives.
I’m
going to show you [1996-LATER: Here is] a 7-point",1-6,0;9,"1984, 1986, 1988, 1990, 1992, 1994, 1996, 1998, 2000, 2002, 2004, 2008, 2012, 2016, 2020",Yes,6
VCF0850,Authority of the Bible 1984-,"2000 TELEPHONE: 
I am going to read you a short list of statements.
Please tell me) Which
of these statements comes clos",1-9,0,"1990, 1992, 1994, 1996, 1998, 2000, 2004, 2008, 2012, 2016, 2020, 2024",No,5
VCF0851,Newer Lifestyles Contribute to Society Breakdown,"1986,1990,1994,1996: 
Now,I am going to read several statements.
After each I would like you
to tell me whether you agre",1-8,9,"1986, 1988, 1990, 1992, 1994, 1996, 1998, 2000, 2004, 2008, 2012, 2016",Yes,7
VCF0852,Should Adjust View of Moral Behavior to Changes,"ALL YEARS: 
‘The world is always changing and we should adjust our
view of
moral behavior to those changes.’
(2000,2004:",1-8,9,"1986, 1988, 1990, 1992, 1994, 1996, 1998, 2000, 2004, 2008, 2012, 2016, 2020, 2024",Yes,7
VCF0853,Should be More Emphasis on Traditional Values,"ALL YEARS: 
‘This country would have many fewer problems if there
were more
emphasis on traditional family ties.’
(2000,",1-8,9,"1986, 1988, 1990, 1992, 1994, 1996, 1998, 2000, 2004, 2008, 2012, 2016, 2020, 2024",Yes,7
VCF0854,Tolerance of Different Moral Standards,"ALL YEARS: 
‘We should be more tolerant of people who choose to live
according to
their own moral standards, even if the",1-8,9,"1986, 1988, 1990, 1992, 1994, 1996, 1998, 2000, 2004, 2008, 2012, 2016",Yes,7
VCF0860,Racial Composition of Neighborhood- Respondent Description,"1964,1968,1970: 
Is this neighborhood you now live in:
[CHOICES]
1972,1976:
(IF RESPONDENT IS BLACK:) Is this
neighborho",1-5,0;8,"1964, 1968, 1970, 1972, 1976",Yes,7
VCF0861,Racial Composition of Grade School- Respondent Description,"1964,1968,1970: 
Is the grade school nearest you:
[CHOICES]
1972,1976:
(IF RESPONDENT IS BLACK:) Is the grade school
nea",1-5,0;8,"1964, 1968, 1970, 1972, 1976",Yes,7
VCF0862,Racial Composition of Junior High School,Is the junior high school nearest you: [CHOICES],1-5,0;8,"1964, 1968, 1970",Yes,7
VCF0863,Racial Composition of High School- Respondent Description,"1964,1968,1970: 
Is the high school nearest you:
[CHOICES]
1972:
(IF RESPONDENT IS BLACK:) Is the high school
nearest yo",1-5,0;8,"1964, 1968, 1970, 1972",Yes,7
VCF0864,Racial Composition of Work Place- Respondent Description,"1964,1968,1970: 
Are the people where you work:
[CHOICES]
1972:
(IF RESPONDENT IS BLACK:) Are the people who work
where ",1-5,0;8,"1964, 1968, 1970, 1972",Yes,7
VCF0865,Racial Composition of Where R Shops- Respondent Description,"1964,1968,1970: 
Are the people where you shop and trade:
[CHOICES]
1972:
(IF RESPONDENT IS BLACK:) Are the people who s",1-5,0;8,"1964, 1968, 1970, 1972",Yes,7
VCF0866,Racial Composition of Friends,"1964,1968,1970: 
Are your friends: [CHOICES]
1972,1976:
(IF
RESPONDENT IS BLACK:) Are your friends all black, mostly bla",1-5,0;8,"1964, 1968, 1970, 1972, 1976",Yes,7
VCF0867,Affirmative Action in Hiring/Promotion [1 of 2],"Some people say that because of past discrimination blacks should
be
given preference in hiring and promotion. Others sa",1-8,9,"1986, 1990, 1992, 1994, 1996, 1998, 2000, 2004, 2008, 2012, 2016, 2020, 2024",Yes,4
VCF0867a,Affirmative Action in Hiring/Promotion [2 of 2],"Some people say that because of past discrimination blacks should
be
given preference in hiring and promotion. Others sa",1-7,8;9,"1986, 1990, 1992, 1994, 1996, 1998, 2000, 2004, 2008, 2012, 2016, 2020, 2024",Yes,7
VCF0870,Better or Worse Economy in Past Year,"How about (1996-LATER: Now thinking about) the economy
(1990,1994-
later: in the country as a whole)?
ALL YEARS EXC. 200",1-5,0;8,"1980, 1982, 1984, 1986, 1988, 1990, 1992, 1994, 1996, 1998, 2000, 2002, 2004, 2008, 2012, 2016, 2020, 2024",Yes,5
VCF0871,How Much Better or Worse Economy in Past Year,"How about (1996-LATER: Now thinking about) the economy
(1990,1994-
later: in the country as a whole)?
Would you say that",1-5,0;8;9,"1980, 1982, 1984, 1986, 1988, 1990, 1992, 1994, 1996, 1998, 2000, 2002, 2004, 2008, 2012, 2016, 2020, 2024",No,8
VCF0872,Better or Worse Economy in Next Year,"What about the next 12 months (1980,1982: or so)?
ALL YEARS EXC.
2000:
Do you expect the (1986,1988,1992: national) econ",1-5,8;9,"1980, 1982, 1984, 1986, 1988, 1990, 1992, 1994, 1996, 1998, 2000, 2004, 2008, 2012, 2016, 2020, 2024",Yes,5
VCF0873,Did R Delay Medical/Dental Treatment Due to the Expense,"In the past year did you (or anyone in your family living
here/there)
put off medical or dental treatment because you di",1-5,8;9,"1984, 1992, 1994, 2000, 2004",Yes,4
VCF0875,Mention 1: What is the Most Important National Problem,"1960: 
What would you personally feel are the most important problems
the
government should try to take care of when the",1-97,0;98;99,"1960, 1964, 1966, 1968, 1970, 1972, 1974, 1976, 1978, 1980, 1982, 1984, 1986, 1988, 1990, 1992, 1994, 1996, 1998, 2000",Yes,13
VCF0875a,Mention 2: What is the Most Important National Problem,Most important national problem (2),,0;991;996;997;998;999,"1960, 1964, 1966, 1968, 1970, 1972",Yes,6
VCF0875b,Mention 3: What is the Most Important National Problem,Most important national problem (3),990,0;995;996;998;999,"1974, 1976, 1978, 1980, 1982, 1984, 1986, 1988, 1990, 1992, 1994, 1996, 1998, 2000",Yes,6
VCF0876,Law to Protect Homosexuals Against Discrimination,"Do you favor or oppose laws to protect [homosexuals/gays and lesbians]

against job discrimination?",1-8,9,"1988, 1992, 1996, 2000, 2004, 2008, 2012, 2016, 2020, 2024",Yes,4
VCF0876a,Strength of Position on Law to Protect Homosexuals Against Discrimination,"Do you favor or oppose laws to protect [homosexuals/gays and lesbians]

against job discrimination?
Do you favor/oppose ",1-7,9,"1988, 1992, 1996, 2000, 2004, 2008, 2012, 2016, 2020, 2024",Yes,6
VCF0877,Favor or Oppose Gays in the Military,"Do you think homosexuals should be allowed to serve in the
United
States Armed Forces or don’t you think so?",1-8,9,"1992, 1996, 2000, 2004, 2008, 2012",Yes,4
VCF0877a,Strength of Position on Gays in the Military,"Do you feel strongly or not strongly that homosexuals should
be
allowed to serve in the United States Armed forces?
Do y",1-7,9,"1992, 1996, 2000, 2004, 2008, 2012",No,6
VCF0878,Should Gays/Lesbians Be Able to Adopt Children,"Do you think gay or lesbian couples, in other words,
homosexual
couples, should be legally permitted to adopt children?",1-8,9,"1992, 2000, 2004, 2008, 2012, 2020, 2024",No,4
VCF0879,Increase or Decrease Number of Immigrants to U.S. 6-Category,"Do you think the number of immigrants from foreign countries who
are
permitted to come to the United States to live shou",1-8,9,"1992, 1994, 1996, 1998, 2004, 2008, 2012, 2016, 2020, 2024",No,7
VCF0879a,Increase or Decrease Number of Immigrants to U.S. 4-Category,"1992,1994: 
Do you think the number of immigrants from foreign
countries who are
permitted to come to the United States ",1-8,9,"1992, 1994, 1996, 1998, 2000, 2004, 2008, 2012, 2016, 2020, 2024",No,5
VCF0880,Better or Worse Off in Past Year,"1962-1998,2004: 
We are interested in how people are getting along
financially these
days. Would you say that (1962,1966",1-3,0;9,"1962, 1966, 1968, 1970, 1972, 1974, 1976, 1978, 1980, 1982, 1984, 1986, 1988, 1990, 1992, 1994, 1996, 1998, 2000, 2002, 2004, 2008, 2012, 2016, 2020, 2024",Yes,5
VCF0880a,How Much Better/Worse Off in Past Year,"1984-1998,2004: 
We are interested in how people are getting along
financially these
days. Would you say that you and yo",1-5,8;9,"1984, 1986, 1988, 1990, 1992, 1994, 1996, 1998, 2000, 2002, 2004, 2008, 2012, 2016, 2020, 2024",Yes,7
VCF0880b,Financial Situation Better/Worse in Past Few Years,"During the last few years, has your financial situation been
getting
better, getting worse, or has it stayed the same?",1-5,8;9,"1956, 1958, 1960, 1964",No,5
VCF0881,Better or Worse Off in Next Year,"1956-1960,1964: 
Now looking ahead and thinking about the next few
years, do you expect
your financial situation will st",1-3,0;9,"1956, 1958, 1960, 1962, 1964, 1966, 1968, 1970, 1972, 1974, 1976, 1978, 1980, 1982, 1984, 1986, 1988, 1990, 1992, 1994, 1996, 1998, 2000, 2002, 2004, 2008, 2012, 2016, 2020, 2024",Yes,5
VCF0886,Federal Spending- Poor/Poor People,"1992,1996: poor people
2000,2012-later: aid to the poor
2002,2004:
aid to poor people",1-8,9,"1992, 1996, 2000, 2002, 2004, 2008, 2012, 2016, 2020, 2024",Yes,5
VCF0887,Federal Spending- Child Care,Child care,1-8,9,"1988, 1990, 1992, 1994, 1996, 2000, 2002, 2004, 2008, 2012, 2016",Yes,5
VCF0888,Federal Spending- Dealing with Crime,Dealing with crime,1-8,9,"1984, 1992, 1994, 1996, 2000, 2002, 2004, 2008, 2012, 2016, 2020, 2024",Yes,5
VCF0889,Federal Spending- Aids Research/Fight Aids,"1988,1990: fighting the disease AIDS
1992-1996,2000,2002: AIDS
research",1-8,9,"1988, 1990, 1992, 1994, 1996, 2000, 2002",Yes,5
VCF0890,Federal Spending- Public Schools,Public schools,1-8,9,"1984, 1988, 1990, 1992, 1994, 1996, 2000, 2002, 2004, 2008, 2012, 2016, 2020, 2024",Yes,5
VCF0891,Federal Spending- Fin Aid for College Students,Financial aid for college students,1-8,9,"1986, 1988, 1992, 1996",Yes,5
VCF0892,Federal Spending- Foreign Aid,Foreign aid,1-8,9,"1990, 1996, 2000, 2002, 2004, 2008",Yes,5
VCF0893,Federal Spending- The Homeless,"1988: the homeless
1990: government assistance for the
homeless
1992,1996: solving the problem of the homeless",1-8,9,"1988, 1990, 1992, 1996",Yes,5
VCF0894,Federal Spending- Welfare Programs,Welfare programs,1-8,9,"1992, 1994, 1996, 2000, 2002, 2004, 2008, 2012, 2016, 2020, 2024",Yes,5
VCF0900,Congressional District of Residence,Congressional district of interview,,0;99,"1956, 1958, 1960, 1964, 1966, 1968, 1970, 1972, 1974, 1976, 1978, 1980, 1982, 1984, 1986, 1988, 1990, 1992, 1994, 1996, 1998, 2000, 2002, 2004, 2012, 2016, 2020, 2024",Yes,3
VCF0900b,State and Congressional District- FIPS,FIPS state and Congressional district of interview,,9999,2004,Yes,1
VCF0900c,State and Congressional District- Postal Abbrev and CD,Postal code and Congressional district of interview,,9999,2004,Yes,0
VCF0901a,State Code- FIPS,State of interview - FIPS code,,0;99,"1952, 1956, 1958, 1960, 1962, 1964, 1966, 1968, 1970, 1972, 1974, 1976, 1978, 1980, 1982, 1984, 1986, 1988, 1990, 1992, 1994, 1996, 1998, 2000, 2002, 2004, 2012, 2016, 2020, 2024",Yes,2
VCF0901b,State Postal Abbrev,State of interview - state postal abbreviation,,99,"2020, 2024",Yes,0
VCF0902,Type of U.S. House Race,Type of House race for district of interviews,12-89,0;99,"1978, 1980, 1982, 1984, 1986, 1988, 1990, 1992, 1994, 1996, 1998, 2000, 2002, 2004, 2012, 2016, 2020",Yes,32
VCF0903,Is House Incumbent Running,Incumbent candidate - checkpoint,1-2,9,"1978, 1980, 1982, 1984, 1986, 1988, 1990, 1992, 1994, 1996, 1998, 2000, 2002, 2004, 2012, 2016, 2020",Yes,3
VCF0904,Is House Incumbent Opposed,Incumbent opposed/ unopposed - checkpoint,1-2,0;9,"1978, 1980, 1982, 1984, 1986, 1988, 1990, 1992, 1994, 1996, 1998, 2000, 2002, 2004, 2012, 2016, 2020",Yes,4
VCF0905,Number of Candidates in U.S. House Race,Number of candidates - checkpoint,1-2,9,"1978, 1980, 1982, 1984, 1986, 1988, 1990, 1992, 1994, 1996, 1998, 2000, 2002, 2004, 2012, 2016, 2020",Yes,3
VCF0906,Thermometer - Democratic House Candidate,House Democratic candidate - feeling thermometer,0-100,990;997;998;999,"1978, 1980, 1982, 1984, 1986, 1988, 1990, 1992, 1994, 1996, 1998, 2000, 2002, 2004, 2012, 2016, 2020",Yes,4
VCF0907,Thermometer - Republican House Candidate,House Republican candidate – feeling thermometer,0-100,990;997;998;999,"1978, 1980, 1982, 1984, 1986, 1988, 1990, 1992, 1994, 1996, 1998, 2000, 2002, 2004, 2012, 2016, 2020",Yes,4
VCF0908,Thermometer - Incumbent House Candidate,Running House incumbent candidate – feeling thermometer,0-100,990;997;998;999,2020,Yes,4
VCF0909,Thermometer - Challenger House Candidate,Challenger to running House incumbent – feeling thermometer,0-100,990;997;998;999,2020,Yes,4
VCF0910,Contact with Running U.S. House Incumbent,"There are many ways in which (U.S.
Representatives/congressional
candidates) can have contact with the
people from their",1-5,0;9,"1978, 1980, 1982, 1984, 1986, 1988, 1990, 1992, 1994",Yes,4
VCF0911,Running U.S. House Incumbent: Met Him,"Which ones?
RESPONDENT MET [incumbent] PERSONALLY",1-5,0;9,"1978, 1980, 1982, 1984, 1986, 1988, 1990, 1992, 1994",Yes,4
VCF0912,Running U.S. House Incumbent: Attended Meeting,"Which ones?
RESPONDENT ATTENDED A MEETING OR GATHERING WHERE
[incumbent] SPOKE",1-5,0;9,"1978, 1980, 1982, 1984, 1986, 1988, 1990, 1992, 1994",Yes,4
VCF0913,Running U.S. House Incumbent: Talked to Staff,"Which ones?
RESPONDENT TALKED TO A MEMBER OF [incumbent’s] STAFF OR
SOMEONE IN
[incumbent’s] OFFICE",1-5,0;9,"1978, 1980, 1982, 1984, 1986, 1988, 1990, 1992, 1994",Yes,4
VCF0914,Running U.S. House Incumbent: Received Mail,"Which ones?
RESPONDENT RECEIVED SOMETHING IN MAIL FROM [incumbent]",1-5,0;9,"1978, 1980, 1982, 1984, 1986, 1988, 1990, 1992, 1994",Yes,4
VCF0915,Running U.S. House Incumbent: Read About,"Which ones?
RESPONDENT READ ABOUT [incumbent] IN A NEWSPAPER OR
MAGAZINE",1-5,0;9,"1978, 1980, 1982, 1984, 1986, 1988, 1990, 1992, 1994",Yes,4
VCF0916,Running U.S. House Incumbent: Heard on Radio,"Which ones?
RESPONDENT HEARD [incumbent] ON THE RADIO",1-5,0;9,"1978, 1980, 1982, 1984, 1986, 1988, 1990, 1992, 1994",Yes,4
VCF0917,Running U.S. House Incumbent: Saw on TV,"Which ones?
RESPONDENT SAW [incumbent] ON TV",1-5,0;9,"1978, 1980, 1982, 1984, 1986, 1988, 1990, 1992, 1994",Yes,4
VCF0918,Know Anyone Who had Contact with Running U.S. House Incumbent,"Do you know anyone, any of your family, friends or people at work,
who
have had some contact with [incumbent]?",1-5,0;9,"1978, 1980, 1982, 1984, 1986, 1988, 1990, 1992, 1994",Yes,4
VCF0919,Challenger to Running U.S. House Incumbent,"How about [challenging candidate] who also ran for has been the
U.S.
House of Representative from this district.
Have yo",1-5,0;9,"1978, 1980, 1982, 1984, 1986, 1988, 1990, 1992, 1994",Yes,4
VCF0920,Challenger to U.S. House Running Incumbent: Met Him,"Which ones?
RESPONDENT MET [challenger] PERSONALLY",1-5,0;9,"1978, 1980, 1982, 1984, 1986, 1988, 1990, 1992, 1994",Yes,4
VCF0921,Challenger to U.S. House Running Incumbent: Attended Meeting,"Which ones?
RESPONDENT ATTENDED A MEETING OR GATHERING WHERE
[challenger] SPOKE",1-5,0;9,"1978, 1980, 1982, 1984, 1986, 1988, 1990, 1992, 1994",Yes,4
VCF0922,Challenger to U.S. House Running Incumbent: Talked to Staff,"Which ones?
RESPONDENT TALKED TO A MEMBER OF [challenger’s] STAFF OR
SOMEONE IN
[challenger’s] OFFICE",1-5,0;9,"1978, 1980, 1982, 1984, 1986, 1988, 1990, 1992, 1994",Yes,4
VCF0923,Challenger to U.S. House Running Incumbent: Received Mail,"Which ones?
RESPONDENT RECEIVED SOMETHING IN MAIL FROM [challenger]",1-5,0;9,"1978, 1980, 1982, 1984, 1986, 1988, 1990, 1992, 1994",Yes,4
VCF0924,Challenger to U.S. House Running Incumbent: Read About,"Which ones?
RESPONDENT READ ABOUT [challenger] IN A NEWSPAPER OR
MAGAZINE",1-5,0;9,"1978, 1980, 1982, 1984, 1986, 1988, 1990, 1992, 1994",Yes,4
VCF0925,Challenger to U.S. House Running Incumbent: Heard on Radio,"Which ones?
RESPONDENT HEARD [challenger] ON THE RADIO",1-5,0;9,"1978, 1980, 1982, 1984, 1986, 1988, 1990, 1992, 1994",Yes,4
VCF0926,Challenger to U.S. House Running Incumbent: Saw on TV,"Which ones?
RESPONDENT SAW [challenger] ON TV",1-5,0;9,"1978, 1980, 1982, 1984, 1986, 1988, 1990, 1992, 1994",Yes,4
VCF0927,Know Anyone Who had Contact with Challenger to Running U.S. House Incumbent,"Do you know anyone, any of your family, friends or people at work,
who
have had some contact with [challenger]",1-5,0;9,"1978, 1980, 1982, 1984, 1986, 1988, 1990, 1992, 1994",Yes,4
VCF0928,Contact with U.S. House Democratic Cand,"Think of [Democratic candidate] [who has been the U.S.
Representative
from this district/ who ran for the U.S. House of
",1-5,0;9,"1978, 1980, 1982, 1984, 1986, 1988, 1990, 1992, 1994",Yes,4
VCF0929,U.S. House Democratic Cand: Met Him,"Which ones?
RESPONDENT MET [Democratic candidate] PERSONALLY",1-5,0;9,"1978, 1980, 1982, 1984, 1986, 1988, 1990, 1992, 1994",Yes,4
VCF0930,U.S. House Democratic Cand: Attended Meeting,"Which ones?
RESPONDENT ATTENDED A MEETING OR GATHERING WHERE
[Democratic candidate]
SPOKE",1-5,0;9,"1978, 1980, 1982, 1984, 1986, 1988, 1990, 1992, 1994",Yes,4
VCF0931,U.S. House Democratic Cand: Talked to Staff,"Which ones?
RESPONDENT TALKED TO A MEMBER OF [Democratic candidate]
STAFF OR
SOMEONE IN [Democratic candidate’s] OFFICE",1-5,0;9,"1978, 1980, 1982, 1984, 1986, 1988, 1990, 1992, 1994",Yes,4
VCF0932,U.S. House Democratic Cand: Received Mail,"Which ones?
RESPONDENT RECEIVED SOMETHING IN MAIL FROM [Democratic
candidate]",1-5,0;9,"1978, 1980, 1982, 1984, 1986, 1988, 1990, 1992, 1994",Yes,4
VCF0933,U.S. House Democratic Cand: Read About,"Which ones?
RESPONDENT READ ABOUT [Democratic candidate] IN A
NEWSPAPER OR
MAGAZINE",1-5,0;9,"1978, 1980, 1982, 1984, 1986, 1988, 1990, 1992, 1994",Yes,4
VCF0934,U.S. House Democratic Cand: Heard on Radio,"Which ones?
RESPONDENT HEARD [Democratic candidate] ON THE RADIO",1-5,0;9,"1978, 1980, 1982, 1984, 1986, 1988, 1990, 1992, 1994",Yes,4
VCF0935,U.S. House Democratic Cand: Saw on TV,"Which ones?
RESPONDENT SAW [Democratic candidate] ON TV",1-5,0;9,"1978, 1980, 1982, 1984, 1986, 1988, 1990, 1992, 1994",Yes,4
VCF0936,Know Anyone Who had Contact with U.S. House Democratic Cand,"Do you know anyone, any of your family, friends or people at work,
who
have had some contact with [Democratic candidate]",1-5,0;9,"1978, 1980, 1982, 1984, 1986, 1988, 1990, 1992, 1994",Yes,4
VCF0937,Contact with U.S. House Republican Cand,"Think of [Republican candidate] [who has been the U.S.
Representative
from this district/ who ran for the U.S. House of
",1-5,0;9,"1978, 1980, 1982, 1984, 1986, 1988, 1990, 1992, 1994",Yes,4
VCF0938,U.S. House Republican Cand: Met Him,"Which ones?
RESPONDENT MET [Republican candidate] PERSONALLY",1-5,0;9,"1978, 1980, 1982, 1984, 1986, 1988, 1990, 1992, 1994",Yes,4
VCF0939,U.S. House Republican Cand: Attended Meeting,"Which ones?
RESPONDENT ATTENDED A MEETING OR GATHERING WHERE
[Republican
candidate] SPOKE",1-5,0;9,"1978, 1980, 1982, 1984, 1986, 1988, 1990, 1992, 1994",Yes,4
VCF0940,U.S. House Republican Cand: Talked to Staff,"Which ones?
RESPONDENT TALKED TO A MEMBER OF [Republican candidate’s]
STAFF OR
SOMEONE IN [Republican candidate’s] OFFIC",1-5,0;9,"1978, 1980, 1982, 1984, 1986, 1988, 1990, 1992, 1994",Yes,4
VCF0941,U.S. House Republican Cand: Received Mail,"Which ones?
RESPONDENT RECEIVED SOMETHING IN MAIL FROM [Republican
candidate]",1-5,0;9,"1978, 1980, 1982, 1984, 1986, 1988, 1990, 1992, 1994",Yes,4
VCF0942,U.S. House Republican Cand: Read About,"Which ones?
RESPONDENT READ ABOUT [Republican candidate] IN A
NEWSPAPER OR
MAGAZINE",1-5,0;9,"1978, 1980, 1982, 1984, 1986, 1988, 1990, 1992, 1994",Yes,4
VCF0943,U.S. House Republican Cand: Heard on Radio,"Which ones?
RESPONDENT HEARD [Republican candidate] ON THE RADIO",1-5,0;9,"1978, 1980, 1982, 1984, 1986, 1988, 1990, 1992, 1994",Yes,4
VCF0944,U.S. House Republican Cand: Saw on TV,"Which ones?
RESPONDENT SAW [Republican candidate] ON TV",1-5,0;9,"1978, 1980, 1982, 1984, 1986, 1988, 1990, 1992, 1994",Yes,4
VCF0945,Know Anyone Who had Contact with U.S. House Republican Cand,"Do you know anyone, any of your family, friends or people at work,
who
have had some contact with [Republican candidate]",1-5,0;9,"1978, 1980, 1982, 1984, 1986, 1988, 1990, 1992, 1994",Yes,4
VCF0946,Count of Contact Types- Running U.S. House Incumbent Cand,Number of specified contacts made with running incumbent candidate,0-7,8;9,,Yes,10
VCF0946a,Yes/No Any Contact with Running U.S. House Incumbent Cand,Contact with running incumbent? (YES/NO),1-5,0,,Yes,3
VCF0947,Count of Contact Types- Challenger to Running U.S. House Incumbent Cand,"Number of specified contacts made with challenger to
running
incumbent candidate",0-7,8;9,,Yes,10
VCF0947a,Yes/No Any Contact with Challenger to Running U.S. House Incumbent Cand,Contact with challenger to running incumbent? (YES/NO),1-5,0,,Yes,3
VCF0948,Count of Contact Types- U.S. House Democratic Cand,Number of specified contacts made with Democratic candidate,0-7,8;9,,Yes,10
VCF0948a,Yes/No Any Contact with U.S. House Democratic Cand,Contact with Democratic candidate? (YES/NO),1-5,0,,Yes,3
VCF0949,Count of Contact Types- U.S. House Republican Cand,Number of specified contacts made with Republican candidate,0-7,8;9,,Yes,10
VCF0949a,Yes/No Any Contact with U.S. House Republican Cand,Contact with Republican candidate? (YES/NO),1-5,0,,Yes,3
VCF0950,Contacted Running U.S. House Incumbent,"Have you (or anyone in your family living here) ever
contacted
[running U.S. House incumbent] or anyone in his/her offic",1-5,0;9,"1978, 1980, 1982, 1984, 1986, 1988, 1990, 1992, 1994",Yes,4
VCF0951,Contacted Running U.S. House Incumbent to Express Opinion,"Have you (or anyone in your family living here) ever
contacted
[running U.S. House incumbent] or anyone in his/her
offic",1-5,0;9,"1978, 1980, 1982, 1984, 1986, 1988, 1990, 1992, 1994",Yes,4
VCF0952,Contacted Running U.S. House Incumbent to Seek Information,"Have you (or anyone in your family living here) ever
contacted
[running U.S. House incumbent] or anyone in his/her
offic",1-5,0;9,"1978, 1980, 1982, 1984, 1986, 1988, 1990, 1992, 1994",Yes,4
VCF0953,Contacted Running U.S. House Incumbent to Seek Help,"Have you (or anyone in your family living here) ever
contacted
[running U.S. House incumbent] or anyone in his/her
offic",1-5,0;9,"1978, 1980, 1982, 1984, 1986, 1988, 1990, 1992, 1994",Yes,4
VCF0954,Response to Contact with Running U.S. House Incumbent,"Have you (or anyone in your family living here) ever
contacted
[running U.S. House incumbent] or anyone in his/her
offic",1-5,0;9,"1978, 1980, 1982, 1984, 1986, 1988, 1990, 1992, 1994",Yes,4
VCF0955,Satisfied w/Response from Running U.S. House Incumbent,"Have you (or anyone in your family living here) ever
contacted
[running U.S. House incumbent] or anyone in his/her
offic",1-5,0;9,"1978, 1980, 1982, 1984, 1986, 1988, 1990, 1992, 1994",Yes,6
VCF0956,Know Anyone (Else) Who Contacted Running U.S. House Incumbent,"Do you know anyone {else} who has contacted [running U.S.
House
incumbent] or anyone in his/her office?",1-5,0;9,"1978, 1980, 1982, 1984, 1986, 1988, 1990, 1992, 1994",Yes,4
VCF0957,Other Person Get Response from Running U.S. House Incumbent,"Do you know anyone {else} who has contacted [running U.S.
House
incumbent] or anyone in his/her office?
(IF YES: ) Did t",1-5,0;9,"1978, 1980, 1982, 1984, 1986, 1988, 1990, 1992, 1994",Yes,4
VCF0958,Other Person Satisfied w/Response from Running U.S. House Incumbent,"Do you know anyone {else} who has contacted [running U.S.
House
incumbent] or anyone in his/her office?
Did this
(person",1-5,0;9,"1978, 1980, 1982, 1984, 1986, 1988, 1990, 1992, 1994",Yes,6
VCF0959,Would Running U.S. House Incumbent be Helpful with Problem,"If you had (another/a) problem that [running U.S. House
incumbent]
could do something about, do you think (he/she) would",1-7,0;9,"1978, 1980, 1982, 1984, 1986, 1988, 1990, 1992, 1994",Yes,6
VCF0960,Running U.S. House Incumbent Done Anything Special for District,"Do you happen to remember anything special that [running U.S.
House
incumbent] has done for his/her district or for the ",1-5,0;9,"1978, 1980, 1982, 1984, 1986, 1988, 1990, 1992, 1994",Yes,4
VCF0961,Contacted Running or Retiring U.S. House Incumbent,"Have you (or anyone in your family living here) ever
contacted
[retiring OR running U.S. House Representative] or anyone",1-5,0;9,"1978, 1980, 1986, 1990",Yes,4
VCF0962,Contacted Running or Retiring U.S. House Incumbent to Express Opinion,"Have you (or anyone in your family living here) ever
contacted
[retiring OR running U.S. House Representative] or anyone",1-5,0;9,"1978, 1980, 1986, 1990",Yes,4
VCF0963,Contacted Running or Retiring U.S. House Incumbent to Seek Information,"Have you (or anyone in your family living here) ever
contacted
[retiring OR running U.S. House Representative] or anyone",1-5,0;9,"1978, 1980, 1986, 1990",Yes,4
VCF0964,Contacted Running or Retiring U.S. House Incumbent to Seek Help,"Have you (or anyone in your family living here) ever
contacted
[retiring OR running U.S. House Representative] or anyone",1-5,0;9,"1978, 1980, 1986, 1990",Yes,4
VCF0965,Response to Contact with Running or Retiring U.S. House Incumbent,"Have you (or anyone in your family living here) ever
contacted
[retiring OR running U.S. House Representative] or anyone",1-5,0;9,"1978, 1980, 1986, 1990",Yes,4
VCF0966,Satisfied w/Response from Running or Retiring U.S. House Incumbent,"Have you (or anyone in your family living here) ever
contacted
[retiring OR running U.S. House Representative] or anyone",1-5,0;9,"1978, 1980, 1986, 1990",Yes,6
VCF0967,Know Anyone (Else) Who Contacted Running or Retiring U.S. House Incumbent,"Do you know anyone {else} who has contacted [retiring OR running
U.S.
House representative] or anyone in his/her office?",1-5,0;9,"1978, 1980, 1986, 1990",Yes,4
VCF0968,Other Person Get Response from Running or Retiring U.S. House Incumbent,"Do you know anyone {else} who has contacted [retiring OR running
U.S.
House representative] or anyone in his/her office?",1-5,0;9,"1978, 1980, 1986, 1990",Yes,4
VCF0969,Other Person Satisfied with Response fr Running/Retiring U.S. House Incumbent,"Do you know anyone {else} who has contacted [retiring OR running
U.S.
House Representative] or anyone in his/her office?",1-5,0;9,"1978, 1980, 1986, 1990",Yes,6
VCF0970,Would Running or Retiring U.S. House Incumbent be Helpful with Problem,"If you had (another/a) problem that [retiring OR running U.S.
House
representative] could do something about, do you thi",1-7,0;9,"1978, 1980, 1986, 1990",Yes,6
VCF0971,Running or Retiring U.S. House Incumbent Done Anything Special for District,"Do you happen to remember anything special that [retiring OR
running
U.S. House representative] has done for his/her dis",1-5,0;9,"1978, 1980, 1986, 1990",Yes,4
VCF0972,Recall Names of U.S. House Candidates,"ALL YEARS EXC. 2000: Do you happen to remember the names of the
candidates 
for Congress–that is, for the House of Repre",1-5,9,"1958, 1964, 1966, 1968, 1970, 1972, 1974, 1978, 1980, 1982, 1984, 1986, 1988, 1990, 1992, 1994, 1996, 1998, 2000",Yes,3
VCF0973,Recall Correct Name of U.S. House Candidate,"Do you happen to remember the names of the candidates for
Congress–
that is, for the House of Representatives in Washing",1-7,9,"1978, 1980, 1982, 1984, 1986, 1988, 1990, 1992, 1994, 1996, 1998, 2000",Yes,8
VCF0974,Recall Correct Name of U.S. House Candidate,"Do you happen to remember the names of the candidates for
Congress–
that is, for the House of Representatives in Washing",1-7,9,"1978, 1980, 1982, 1984, 1986, 1988, 1990, 1992, 1994, 1996, 1998, 2000",Yes,8
VCF0975,Recall Correct Name of U.S. House Candidate,"Do you happen to remember the names of the candidates for
Congress–
that is, for the House of Representatives in Washing",1-7,9,"1978, 1980, 1982, 1984, 1986, 1988, 1990, 1992, 1994, 1996, 1998, 2000",Yes,8
VCF0976,Number of Recalled Names of U.S. House Candidates,Summary: number of correct recalls– U.S. House candidates,0-33,99,"1978, 1980, 1982, 1984, 1986, 1988, 1990, 1992, 1994, 1996, 1998, 2000",Yes,11
VCF0977,Know If One U.S. House Candidate Was Already in the U.S. House,"1958,1964,1966: 
Do you happen to know if (either/the) candidate is
already in Congress?
1968:
Do you happen to know if ",1-5,9,"1958, 1964, 1966, 1968, 1978, 1980, 1982, 1984, 1986, 1988, 1990, 1992, 1994, 1996, 1998, 2000",Yes,4
VCF0978,Correct Whether a U.S. House Candidate Was Already in Office,"1958,1964,1966: 
Do you happen to know if (either/the) candidate is
already in Congress?
(IF YES AND 2 MAJOR PARTY CANDI",1-2,9,"1958, 1964, 1966, 1968, 1978, 1980, 1982, 1984, 1986, 1988, 1990, 1992, 1994, 1996, 1998, 2000",Yes,3
VCF0980,Democratic U.S. House Cand: Respondent Likes - Number of Mentions,"Was there anything in particular that you liked about {NAME},
the
Democratic candidate for the U.S. House of Representat",0-4,6;7;8;9,"1978, 1980, 1982, 1984, 1986, 1988, 1990, 1992, 1994, 1996, 1998, 2000",Yes,9
VCF0981,Democratic U.S. House Cand: Respondent Dislikes - Number of Mentions,"Is/Was there anything in particular that you didn’t like about
[U.S.
House Democratic candidate]? What is/was that? Anyt",0-4,6;7;8;9,"1978, 1980, 1982, 1984, 1986, 1988, 1990, 1992, 1994, 1996, 1998, 2000",Yes,9
VCF0982,Democratic U.S. House Candidate Affect (Likes-Dislikes),Affect toward Democratic House candidate,,99,,Yes,4
VCF0983,Democratic U.S. House Candidate Salience (Likes-Dislikes),Salience of Democratic House candidate,0-8,99,,Yes,3
VCF0984,Republican U.S. House Cand: Respondent Likes - Number of Mentions,"Is/Was there anything in particular that you liked about [U.S.
House
Republican candidate]? What is/was that? Anything e",0-4,6;7;8;9,"1978, 1980, 1982, 1984, 1986, 1988, 1990, 1992, 1994, 1996, 1998, 2000",Yes,9
VCF0985,Republican U.S. House Cand: Respondent Dislikes - Number of Mentions,"Is/Was there anything in particular that you didn’t like about
[U.S.
House Republican candidate]? What is/was that? Anyt",0-4,6;7;8;9,"1978, 1980, 1982, 1984, 1986, 1988, 1990, 1992, 1994, 1996, 1998, 2000",Yes,9
VCF0986,Republican U.S. House Cand: Affect (Likes-Dislikes),Affect toward Republican House candidate,,99,,Yes,4
VCF0987,Republican U.S. House Cand: Salience (Likes-Dislikes),Salience of Republican House candidate,0-8,99,,Yes,3
VCF0988,Republican U.S. House Candidate Affect (Likes-Dislikes),Net affect toward major party House candidates,,999,,Yes,4
VCF0989,U.S. House Candidate Salience (Likes-Dislikes),Major party House candidate salience,0-16,99,,Yes,3
VCF0990,U.S. House Candidate Relative Salience (Likes-Dislikes),Relative salience of major party House candidates,,999,,Yes,3
VCF0991,Approve/Disapprove of Running U.S. House Incumbent,"In general, do you approve or disapprove of the way [1980-2004:

running U.S.House incumbent Representative; 2012: U.S.
",1-8,0;9,"1980, 1982, 1984, 1986, 1988, 1990, 1992, 1994, 1996, 1998, 2000, 2004, 2012, 2016, 2020, 2024",Yes,5
VCF0992,Approve/Disapprove of U.S. Congress,"Do you approve or disapprove of the way the U.S. Congress has
been
handling its job?",1-8,9,"1980, 1982, 1984, 1986, 1988, 1990, 1992, 1994, 1996, 1998, 2000, 2002, 2004, 2012, 2016, 2020, 2024",No,4
VCF0993,Incumbent U.S. House Cand: Respondent Likes - Number of Mentions,"Is there anything in particular that you liked about [U.S.
House
incumbent candidate] What is that? Anything else?",0-4,6;7;8;9,,Yes,9
VCF0994,Incumbent U.S. House Cand: Respondent Dislikes - Number of Mentions,"Is there anything in particular that you didn’t like about [U.S.
House
incumbent candidate] What is that? Anything else?",0-4,6;7;8;9,,Yes,9
VCF0995,Incumbent U.S. House Cand: Affect (Likes-Dislikes),Affect toward incumbent House candidates,,99,,Yes,4
VCF0996,Incumbent U.S. House Cand: Salience (Likes-Dislikes),Salience of incumbent House candidates,0-8,99,,Yes,3
VCF0997,Challenger to Incum U.S. House Cand: Respondent Likes - Number of Mentions,"Is there anything in particular that you liked about [challenger
to
U.S. House incumbent candidate] What is that? Anythi",0-4,6;7;8;9,,Yes,9
VCF0998,Challenger to Incum U.S. House Cand: Respondent Dislikes - Number of Mentions,"Is there anything in particular that you didn’t like about
[challenger
to U.S. House incumbent candidate] What is that? ",0-4,6;7;8;9,,Yes,9
VCF0999,Challenger to Incumbent U.S. House Cand: Affect (Likes-Dislikes),Affect toward challenger to incumbent House candidates,,99,,Yes,4
VCF1000,Challenger to Incumbent U.S. House Cand: Salience (Likes-Dislikes),Salience of challenger to incumbent House candidates,0-8,99,,Yes,3
VCF1001,U.S. House Candidate Affect (Likes-Dislikes),Net affect toward incumbent and challenger House candidates,,999,,Yes,4
VCF1002,U.S. House Candidate Salience (Likes-Dislikes),Incumbent and challenger House candidate salience,0-16,99,,Yes,3
VCF1003,U.S. House Candidate Relative Salience (Likes-Dislikes),Relative salience of Incumbent and challenger House candidates,,999,,Yes,3
VCF1004,Party of Respondent/Party of U.S. House Incumbent from district of IW,PartyID of respondent and House incumbent,1-4,9,"1970, 1974, 1976, 1978, 1980, 1982, 1984, 1986, 1988, 1990, 1992, 1994, 1996, 1998, 2000, 2002, 2004, 2012",Yes,5
VCF1005,Party of Voter Respondent/ Party of U.S. House Incumbent,Voter from same major party as House incumbent?,1-3,9,"1970, 1974, 1976, 1978, 1980, 1982, 1984, 1986, 1988, 1990, 1992, 1994, 1996, 1998, 2000, 2002, 2004, 2012, 2016",Yes,4
VCF1006,Candidate Code of Correctly Recalled U.S. House Candidate from IW district,"Do you happen to remember the names of the candidates for
Congress–
that is, for the House of Representatives in Washing",31-80,97;99,"1970, 1974, 1978, 1980, 1982, 1984, 1986, 1988, 1990, 1992, 1994, 1996, 1998, 2000",Yes,10
VCF1007,Candidate Code of Correctly Recalled U.S. House Candidate from IW district,Second candidate recall,31-80,97;99,"1970, 1974, 1978, 1980, 1982, 1984, 1986, 1988, 1990, 1992, 1994, 1996, 1998, 2000",Yes,10
VCF1008,Candidate Code of Correctly Recalled U.S. House Candidate from IW district,Third candidate recall,31-80,97;99,"1970, 1974, 1978, 1980, 1982, 1984, 1986, 1988, 1990, 1992, 1994, 1996, 1998, 2000",Yes,10
VCF1009,Party of Recalled U.S. House Candidate Name(s) from district of IW,Recall summary: major party candidate recalls,1-4,9,2000,Yes,5
VCF1010,Is Recalled U.S. House Cand Name From Own Party,Recall summary: does R recall own/other major party candidate?,1-4,9,,Yes,5
VCF1011,Respondent Vote for U.S. House Candidate From Own Party in district of IW,"1968,1970: 
How about the vote for Congressman. Did you vote for a
candidate for
Congress? (IF YES:) Who did you vote fo",1-2,9,"1968, 1970, 1972, 1974, 1976, 1978, 1980, 1982, 1984, 1986, 1988, 1990, 1992, 1994, 1996, 1998, 2000, 2002, 2004, 2012, 2016",Yes,3
VCF1012,Respondent Vote for Incumbent U.S. House Candidate in district of IW,Did R vote for incumbent?,1-2,9,"1970, 1974, 1976, 1978, 1980, 1982, 1984, 1986, 1988, 1990, 1992, 1994, 1996, 1998, 2000, 2002, 2004, 2012, 2016",Yes,3
VCF1013,Respondent Vote for Winning U.S. House Candidate in district of IW,Did R vote for winner?,1-2,9,"1970, 1974, 1976, 1978, 1980, 1982, 1984, 1986, 1988, 1990, 1992, 1994, 1996, 1998, 2000, 2002, 2004, 2012, 2016",Yes,3
VCF1014,Winning U.S. House Candidate in district of IW,Who won House race?,1-8,9,,Yes,9
VCF1015,Number of Days Pre-Election IW Conducted Before Election,Number of days from Pre-election IW until day of election,,99,"1952, 1956, 1960, 1964, 1968, 1972, 1976, 1980, 1984, 1988, 1992, 1996, 2000, 2002, 2004, 2012, 2016, 2020",Yes,1
VCF1016,Number of Days Post-Election IW Conducted After Election,Number of days from day of election until day of Post-election IW,,99,"1956, 1958, 1960, 1964, 1966, 1968, 1970, 1972, 1974, 1976, 1978, 1980, 1982, 1984, 1986, 1988, 1990, 1992, 1994, 1996, 1998, 2000, 2002, 2004, 2012, 2016, 2020",Yes,1
VCF1017,Thermometer Average - U.S. House Candidates,Thermometers – both major party Congressional candidates,,998;999,2020,Yes,2
VCF1018,Thermometer Index - U.S. House Candidats,Major party Congressional candidate thermometer index,0-100,998;999,,Yes,5
VCF1020,Likes anything about Democratic U.S. House Cand,"Was there anything in particular that you liked about {NAME},
the
Democratic candidate for the U.S. House of Representat",1-5,8;9,"1978, 1980, 1982, 1984, 1986, 1988, 1990, 1992, 1994, 1996, 1998, 2000",Yes,4
VCF1021a,1972-2004 Mention 1: Like About Democratic U.S. House Cand,"Was there anything in particular that you liked about {NAME},
the
Democratic candidate for the U.S. House of
Representat",,8888;8889,"1978, 1980, 1982, 1984, 1986, 1988, 1990, 1992, 1994, 1996, 1998, 2000",Yes,2
VCF1021b,1972-2004 Mention 1: Like About Democratic U.S. House Cand COLLAPSED,"Was there anything in particular that you liked about {NAME},
the
Democratic candidate for the U.S. House of
Representat",11-50,88;89,"1978, 1980, 1982, 1984, 1986, 1988, 1990, 1992, 1994, 1996, 1998, 2000",Yes,15
VCF1022a,1972-2004 Mention 2: Like About Democratic U.S. House Cand,"Was there anything in particular that you liked about {NAME},
the
Democratic candidate for the U.S. House of
Representat",,,"1978, 1980, 1982, 1984, 1986, 1988, 1990, 1992, 1994, 1996, 1998, 2000",Yes,0
VCF1022b,1972-2004 Mention 2: Like About Democratic U.S. House Cand COLLAPSED,"Was there anything in particular that you liked about {NAME},
the
Democratic candidate for the U.S. House of
Representat",11-50,,"1978, 1980, 1982, 1984, 1986, 1988, 1990, 1992, 1994, 1996, 1998, 2000",Yes,13
VCF1023a,1972-2004 Mention 3: Like About Democratic U.S. House Cand,"Was there anything in particular that you liked about {NAME},
the
Democratic candidate for the U.S. House of
Representat",,,"1978, 1980, 1982, 1984, 1986, 1988, 1990, 1992, 1994, 1996, 1998, 2000",Yes,0
VCF1023b,1972-2004 Mention 3: Like About Democratic U.S. House Cand COLLAPSED,"Was there anything in particular that you liked about {NAME},
the
Democratic candidate for the U.S. House of
Representat",11-50,,"1978, 1980, 1982, 1984, 1986, 1988, 1990, 1992, 1994, 1996, 1998, 2000",Yes,13
VCF1024a,1972-2004 Mention 4: Like About Democratic U.S. House Cand,"Was there anything in particular that you liked about {NAME},
the
Democratic candidate for the U.S. House of
Representat",,,"1978, 1980, 1982, 1984, 1986, 1988, 1990, 1992, 1994, 1996, 1998, 2000",Yes,0
VCF1024b,1972-2004 Mention 4: Like About Democratic U.S. House Cand COLLAPSED,"Was there anything in particular that you liked about {NAME},
the
Democratic candidate for the U.S. House of
Representat",11-50,,"1978, 1980, 1982, 1984, 1986, 1988, 1990, 1992, 1994, 1996, 1998, 2000",Yes,13
VCF1025a,1972-2004 Mention 5: Like About Democratic U.S. House Cand,"Was there anything in particular that you liked about {NAME},
the
Democratic candidate for the U.S. House of
Representat",,,"1988, 1990, 1992, 1994, 1996, 1998, 2000",Yes,0
VCF1025b,1972-2004 Mention 5: Like About Democratic U.S. House Cand COLLAPSED,"Was there anything in particular that you liked about {NAME},
the
Democratic candidate for the U.S. House of
Representat",11-40,,"1988, 1990, 1992, 1994, 1996, 1998, 2000",Yes,13
VCF1026,Dislikes anything about Democratic U.S. House Cand,"Was there anything in particular that you didn’t like about {NAME},
the
Democratic candidate for the U.S. House of Repre",1-5,8;9,"1978, 1980, 1982, 1984, 1986, 1988, 1990, 1992, 1994, 1996, 1998, 2000",Yes,4
VCF1027a,1972-2004 Mention 1: Dislike About Democratic U.S. House Cand,"Was there anything in particular that you didn’t like about {NAME},
the
Democratic candidate for the U.S. House of
Repre",,8888;8889,"1978, 1980, 1982, 1984, 1986, 1988, 1990, 1992, 1994, 1996, 1998, 2000",Yes,2
VCF1027b,1972-2004 Mention 1: Dislike About Democratic U.S. House Cand COLLAPSED,"Was there anything in particular that you didn’t like about {NAME},
the
Democratic candidate for the U.S. House of
Repre",11-50,88;89,"1978, 1980, 1982, 1984, 1986, 1988, 1990, 1992, 1994, 1996, 1998, 2000",Yes,15
VCF1028a,1972-2004 Mention 2: Dislike About Democratic U.S. House Cand,"Was there anything in particular that you didn’t like about {NAME},
the
Democratic candidate for the U.S. House of
Repre",,,"1978, 1980, 1982, 1984, 1986, 1988, 1990, 1992, 1994, 1996, 1998, 2000",Yes,0
VCF1028b,1972-2004 Mention 2: Dislike About Democratic U.S. House Cand COLLAPSED,"Was there anything in particular that you didn’t like about {NAME},
the
Democratic candidate for the U.S. House of
Repre",11-50,,"1978, 1980, 1982, 1984, 1986, 1988, 1990, 1992, 1994, 1996, 1998, 2000",Yes,13
VCF1029a,1972-2004 Mention 3: Dislike About Democratic U.S. House Cand,"Was there anything in particular that you didn’t like about {NAME},
the
Democratic candidate for the U.S. House of
Repre",,,"1978, 1980, 1982, 1984, 1986, 1988, 1990, 1992, 1994, 1996, 1998, 2000",Yes,0
VCF1029b,1972-2004 Mention 3: Dislike About Democratic U.S. House Cand COLLAPSED,"Was there anything in particular that you didn’t like about {NAME},
the
Democratic candidate for the U.S. House of
Repre",11-50,,"1978, 1980, 1982, 1984, 1986, 1988, 1990, 1992, 1994, 1996, 1998, 2000",Yes,13
VCF1030a,1972-2004 Mention 4: Dislike About Democratic U.S. House Cand,"Was there anything in particular that you didn’t like about {NAME},
the
Democratic candidate for the U.S. House of
Repre",,,"1978, 1980, 1982, 1984, 1986, 1988, 1990, 1992, 1994, 1996, 1998, 2000",Yes,0
VCF1030b,1972-2004 Mention 4: Dislike About Democratic U.S. House Cand COLLAPSED,"Was there anything in particular that you didn’t like about {NAME},
the
Democratic candidate for the U.S. House of
Repre",11-50,,"1978, 1980, 1982, 1984, 1986, 1988, 1990, 1992, 1994, 1996, 1998, 2000",Yes,13
VCF1031a,1972-2004 Mention 5: Dislike About Democratic U.S. House Cand,"Was there anything in particular that you didn’t like about {NAME},
the
Democratic candidate for the U.S. House of
Repre",,,"1988, 1990, 1992, 1994, 1996, 1998, 2000",Yes,0
VCF1031b,1972-2004 Mention 5: Dislike About Democratic U.S. House Cand COLLAPSED,"Was there anything in particular that you didn’t like about {NAME},
the
Democratic candidate for the U.S. House of
Repre",11-50,,"1988, 1990, 1992, 1994, 1996, 1998, 2000",Yes,13
VCF1032,Likes anything about Republican U.S. House Cand,"Was there anything in particular that you liked about {NAME},
the
Republican candidate for the U.S. House of Representat",1-5,8;9,"1978, 1980, 1982, 1984, 1986, 1988, 1990, 1992, 1994, 1996, 1998, 2000",Yes,4
VCF1033a,1972-2004 Mention 1: Like About Republican U.S. House Cand,"Was there anything in particular that you liked about {NAME},
the
Republican candidate for the U.S. House of
Representat",,8888;8889,"1978, 1980, 1982, 1984, 1986, 1988, 1990, 1992, 1994, 1996, 1998, 2000",Yes,2
VCF1033b,1972-2004 Mention 1: Like About Republican U.S. House Cand COLLAPSED,"Was there anything in particular that you liked about {NAME},
the
Republican candidate for the U.S. House of
Representat",11-50,88;89,"1978, 1980, 1982, 1984, 1986, 1988, 1990, 1992, 1994, 1996, 1998, 2000",Yes,15
VCF1034a,1972-2004 Mention 2: Like About Republican U.S. House Cand,"Was there anything in particular that you liked about {NAME},
the
Republican candidate for the U.S. House of
Representat",,,"1978, 1980, 1982, 1984, 1986, 1988, 1990, 1992, 1994, 1996, 1998, 2000",Yes,0
VCF1034b,1972-2004 Mention 2: Like About Republican U.S. House Cand COLLAPSED,"Was there anything in particular that you liked about {NAME},
the
Republican candidate for the U.S. House of
Representat",11-50,,"1978, 1980, 1982, 1984, 1986, 1988, 1990, 1992, 1994, 1996, 1998, 2000",Yes,13
VCF1035a,1972-2004 Mention 3: Like About Republican U.S. House Cand,"Was there anything in particular that you liked about {NAME},
the
Republican candidate for the U.S. House of
Representat",,,"1978, 1980, 1982, 1984, 1986, 1988, 1990, 1992, 1994, 1996, 1998, 2000",Yes,0
VCF1035b,1972-2004 Mention 3: Like About Republican U.S. House Cand COLLAPSED,"Was there anything in particular that you liked about {NAME},
the
Republican candidate for the U.S. House of
Representat",11-50,,"1978, 1980, 1982, 1984, 1986, 1988, 1990, 1992, 1994, 1996, 1998, 2000",Yes,13
VCF1036a,1972-2004 Mention 4: Like About Republican U.S. House Cand,"Was there anything in particular that you liked about {NAME},
the
Republican candidate for the U.S. House of
Representat",,,"1978, 1980, 1982, 1984, 1986, 1988, 1990, 1992, 1994, 1996, 1998, 2000",Yes,0
VCF1036b,1972-2004 Mention 4: Like About Republican U.S. House Cand COLLAPSED,"Was there anything in particular that you liked about {NAME},
the
Republican candidate for the U.S. House of
Representat",11-50,,"1978, 1980, 1982, 1984, 1986, 1988, 1990, 1992, 1994, 1996, 1998, 2000",Yes,13
VCF1037a,1972-2004 Mention 5: Like About Republican U.S. House Cand,"Was there anything in particular that you liked about {NAME},
the
Republican candidate for the U.S. House of
Representat",,,"1988, 1990, 1992, 1994, 1996, 1998, 2000",Yes,0
VCF1037b,1972-2004 Mention 5: Like About Republican U.S. House Cand COLLAPSED,"Was there anything in particular that you liked about {NAME},
the
Republican candidate for the U.S. House of
Representat",11-50,,"1988, 1990, 1992, 1994, 1996, 1998, 2000",Yes,13
VCF1038,Dislikes anything about Republican U.S. House Cand,"Was there anything in particular that you didn’t like about {NAME},
the
Republican candidate for the U.S. House of Repre",1-5,8;9,"1978, 1980, 1982, 1984, 1986, 1988, 1990, 1992, 1994, 1996, 1998, 2000",Yes,4
VCF1039a,1972-2004 Mention 1: Dislike About Republican U.S. House Cand,"Was there anything in particular that you didn’t like about {NAME},
the
Republican candidate for the U.S. House of
Repre",,8888;8889,"1978, 1980, 1982, 1984, 1986, 1988, 1990, 1992, 1994, 1996, 1998, 2000",Yes,2
VCF1039b,1972-2004 Mention 1: Dislike About Republican U.S. House Cand COLLAPSED,"Was there anything in particular that you didn’t like about {NAME},
the
Republican candidate for the U.S. House of
Repre",11-50,88;89,"1978, 1980, 1982, 1984, 1986, 1988, 1990, 1992, 1994, 1996, 1998, 2000",Yes,15
VCF1040a,1972-2004 Mention 2: Dislike About Republican U.S. House Cand,"Was there anything in particular that you didn’t like about {NAME},
the
Republican candidate for the U.S. House of
Repre",,,"1978, 1980, 1982, 1984, 1986, 1988, 1990, 1992, 1994, 1996, 1998, 2000",Yes,0
VCF1040b,1972-2004 Mention 2: Dislike About Republican U.S. House Cand COLLAPSED,"Was there anything in particular that you didn’t like about {NAME},
the
Republican candidate for the U.S. House of
Repre",11-50,,"1978, 1980, 1982, 1984, 1986, 1988, 1990, 1992, 1994, 1996, 1998, 2000",Yes,13
VCF1041a,1972-2004 Mention 3: Dislike About Republican U.S. House Cand,"Was there anything in particular that you didn’t like about {NAME},
the
Republican candidate for the U.S. House of
Repre",,,"1978, 1980, 1982, 1984, 1986, 1988, 1990, 1992, 1994, 1996, 1998, 2000",Yes,0
VCF1041b,1972-2004 Mention 3: Dislike About Republican U.S. House Cand COLLAPSED,"Was there anything in particular that you didn’t like about {NAME},
the
Republican candidate for the U.S. House of
Repre",11-50,,"1978, 1980, 1982, 1984, 1986, 1988, 1990, 1992, 1994, 1996, 1998, 2000",Yes,13
VCF1042a,1972-2004 Mention 4: Dislike About Republican U.S. House Cand,"Was there anything in particular that you didn’t like about {NAME},
the
Republican candidate for the U.S. House of
Repre",,,"1978, 1980, 1982, 1984, 1986, 1988, 1990, 1992, 1994, 1996, 1998, 2000",Yes,0
VCF1042b,1972-2004 Mention 4: Dislike About Republican U.S. House Cand COLLAPSED,"Was there anything in particular that you didn’t like about {NAME},
the
Republican candidate for the U.S. House of
Repre",11-50,,"1978, 1980, 1982, 1984, 1986, 1988, 1990, 1992, 1994, 1996, 1998, 2000",Yes,13
VCF1043a,1972-2004 Mention 5: Dislike About Republican U.S. House Cand,"Was there anything in particular that you didn’t like about {NAME},
the
Republican candidate for the U.S. House of
Repre",,,"1988, 1990, 1992, 1994, 1996, 1998, 2000",Yes,0
VCF1043b,1972-2004 Mention 5: Dislike About Republican U.S. House Cand COLLAPSED,"Was there anything in particular that you didn’t like about {NAME},
the
Republican candidate for the U.S. House of
Repre",11-50,,"1988, 1990, 1992, 1994, 1996, 1998, 2000",Yes,13
VCF9001,Length of Residence in Community,"How long have you lived here in (1986 AND LATER: your present)
(1984:
this) city/town/township/county (2002: community) ",0-90,99,"1968, 1970, 1972, 1974, 1976, 1978, 1980, 1982, 1984, 1986, 1988, 1990, 1992, 1994, 1996, 1998, 2000, 2002, 2004, 2008, 2020",Yes,7
VCF9002,Length of Residence in Home,"How long have you lived (2012: at this address?) in this
house
(condo/apartment) (2002: your current home) ?",1-6,0;9,"1958, 1960, 1964, 1966, 1970, 1974, 1976, 1978, 1980, 1982, 1984, 1986, 1988, 1990, 1992, 1994, 1996, 1998, 2000, 2002, 2004, 2008, 2020",Yes,8
VCF9003,Thermometer - Evangelical Groups,Evangelical groups active in politics – feeling thermometer,0-97,98;99,"1980, 1984, 1988",Yes,3
VCF9004,Thermometer - Elderly,Older people (or the elderly) – feeling thermometer,0-97,98;99,"1974, 1976, 1980, 1984, 1988, 1994, 1996, 2000, 2002, 2004",Yes,3
VCF9005,Thermometer - Supreme Court,The Supreme Court – feeling thermometer,0-97,98;99,"1980, 1984, 1988, 1996, 2000, 2002, 2004, 2012, 2016, 2020, 2024",Yes,3
VCF9006,Thermometer - Women,Women – feeling thermometer,0-97,98;99,"1976, 1984, 1988, 2004",Yes,3
VCF9007,Thermometer - Jesse Jackson,JesseJackson – feeling thermometer,0-97,98;99,"1984, 1986, 1988, 1990, 1992, 1994, 1996, 2002",Yes,3
VCF9008,Which Party Would Best Handle Pollution and Protecting Environment,"Which party do you think would do a better job of handling
the
problem of pollution and (1990,1994: protection of) the
e",1-8,9,"1990, 1994, 1998, 2020",Yes,5
VCF9009,Approve of President Performance on Economy,"Do you approve or disapprove of the way [president] is handling
the
economy?
(IF APPROVE/DISAPPROVE: ) Do you approve/di",1-8,9,"1984, 1986, 1988, 1990, 1992, 1994, 1996, 1998, 2000, 2002, 2004, 2012, 2016, 2020, 2024",Yes,6
VCF9010,Which Would Best Handle Inflation,"Do you think inflation would be handled better by the Democrats,
by
the Republicans, or about the same by both?",1-8,9,"1976, 1978, 1980, 1982",Yes,5
VCF9011,Which Would Best Handle Unemployment,"Do you think the problems of unemployment would be handled better
by
the Democrats, by the Republicans, or about the sam",1-8,9,"1976, 1978, 1980, 1982",No,5
VCF9012,Which Party Would Best Handle Most Important Problem,"(IF R HAS MENTIONED A ‘MOST IMPORTANT PROBLEM’ IN THE NATION: )
Which
political party do you think would be most likely ",1-8,0;9,"1972, 1976, 1978, 1980, 1982, 1984, 1986, 1988, 1992, 1994, 1996, 1998, 2000",Yes,6
VCF9013,Society Ensure Equal Opportunity to Succeed,"1988 AND LATER: 
Using page [page] for our choice of answers, I would
like you to tell me
how much you agree or disagree",1-8,9,"1984, 1986, 1988, 1990, 1992, 1994, 1996, 2000, 2004, 2012, 2016, 2020, 2024",Yes,7
VCF9014,We Have Gone Too Far Pushing Equal Rights,‘We have gone too far in pushing equal rights in this country.’,1-8,9,"1984, 1986, 1988, 1990, 1992, 1994, 1996, 1998, 2000, 2004, 2012",Yes,7
VCF9015,Big Problem that Not Everyone Has Equal Chance,"ALL YEARS: 
‘One of the big problems in this country is that we don’t
give
everyone an equal chance.’",1-8,9,"1984, 1986, 1988, 1990, 1992, 1994, 1996, 2000, 2004, 2012",Yes,7
VCF9016,Not Big Problem if Some Have More Chance in Life,"ALL YEARS: 
‘It is not really that big a problem if some people have
more of a
chance in life than others.’",1-8,9,"1984, 1986, 1988, 1990, 1992, 1994, 1996, 2000, 2004, 2012, 2016, 2020, 2024",Yes,7
VCF9017,Should Worry less about How Equal People Are,"ALL YEARS: 
‘The (2004: This_ country would be better off if we
worried less
about how equal people are.’",1-8,9,"1984, 1986, 1988, 1990, 1992, 1994, 1996, 2000, 2004, 2012, 2016, 2020, 2024",Yes,7
VCF9018,U.S. Fewer Problems if Everyone Treated Equally,"ALL YEARS: 
‘If people were treated more equally in this country we
would have
many fewer problems.’",1-8,9,"1984, 1986, 1988, 1990, 1992, 1994, 1996, 1998, 2000, 2004, 2012, 2016, 2020, 2024",Yes,7
VCF9019,Most Desirable Goal for the Nation: #1,"For a nation, it is not always possible to obtain everything one
might
wish. On this page (1988,1992: on page [PAGE] of ",1-4,8;9,"1972, 1976, 1980, 1984, 1988, 1992",Yes,6
VCF9020,Most Desirable Goal for the Nation: #2,"(IF FIRST CHOICE GIVEN: ) Which one {goal for our nation} would be
your
second choice?",1-4,8;9,"1972, 1976, 1980, 1984, 1988, 1992",Yes,6
VCF9021,Did Anyone Talk to R about Voting or Registering,"During the campaign this year, did anyone talk to you about
registering
to vote or getting out to vote (1984,1986: or ab",1-5,8;9,"1984, 1986, 1988, 1990, 1992, 1994, 1996, 1998, 2000, 2002, 2012, 2016, 2020",Yes,4
VCF9022,Voter Strength of Preference- Presidential Cand,"(ASKED OF Rs WHO VOTED): How about the election for president?
Did
you vote for a candidate for president? (IF YES) Who ",1-5,0;8;9,"1980, 1984, 1988, 1992, 1996, 2000, 2004, 2012, 2016, 2020",Yes,5
VCF9023,Nonvoter Preference- Presidential Cand,"(ALL YEARS: ASKED OF Rs WHO DID NOT
VOTE):
1948,1952,1956,1960,1964,1968:
Who (1948: whom) would you
have voted for if y",1-7,0;9,"1952, 1956, 1960, 1968, 1980, 1984, 1988, 1992, 1996, 2000, 2004, 2012, 2016, 2020",Yes,6
VCF9024,Voter Strength of Preference- U.S. House Cand,"(ASKED OF Rs WHO VOTED): Here is a list of candidates for the
major
races in this district. How about the election for t",1-5,0;8;9,"1978, 1980, 1984, 1988, 1990, 1992",Yes,5
VCF9025,Vote for Governor- Party,"(ASKED OF Rs WHO VOTED): 
How about the vote/election for Governor
(1952, 1958: here in [state])?
Did you vote for a can",1-3,0;9,"1952, 1958, 1964, 1966, 1968, 1970, 1972, 1974, 1976, 1978, 1980, 1982, 1986, 1990, 1994, 1998, 2012, 2016, 2020, 2024",Yes,5
VCF9026,Vote in Presidential year Primary- Party,"1972: 
 (ASKED OF Rs WHO SAID THEY WERE REGISTERED/ELIGIBLE TO VOTE
IN
 NOVEMBER): How about the primary election this y",1-7,9,"1972, 1976, 1980, 1988, 1992",Yes,6
VCF9027,Vote in Previous Presidential Election - Party,"1948: 
Do you remember whether you voted in [year] when
[Democratic
presidential candidate] ran against [Republican
Pres",1-5,0;9,"1948, 1952, 1956, 1958, 1960, 1962, 1964, 1966, 1968, 1970, 1972, 1976, 1980, 1982, 1988, 1990, 1992, 1994, 1996, 1998, 2000, 2004, 2016, 2020",Yes,6
VCF9028,Which Presidential Candidate Will Win in State,"How [1996,2004: What] about here in [R’s state]. Which candidate
for
President do you think will carry this state? (1984",1-8,9,"1952, 1972, 1976, 1980, 1984, 1988, 1992, 1996, 2004, 2012, 2016, 2020, 2024",Yes,5
VCF9029,Which Presidential Race in State Be Close,"How about here in [R’s state]. Which candidate for President do
you
think will carry this state? (1988,1984, IF NECESSAR",1-8,9,"1972, 1976, 1980, 1984, 1988, 1992, 1996, 2004, 2012, 2016, 2020, 2024",Yes,4
VCF9030,Contacted By Which Major Party,"(1956,1960,1964,1966,1968: You know that) (other years exc.
1988,1996:
As you know,) The political parties try to talk t",1-7,8;9,"1956, 1960, 1964, 1966, 1968, 1972, 1974, 1976, 1978, 1980, 1982, 1984, 1986, 1988, 1990, 1992, 1994, 1996, 1998, 2000, 2002, 2004, 2012, 2016, 2020",Yes,9
VCF9030a,Contacted By Any Major Party,Did PARTY contact R about election campaign?,1-2,8;9,"1956, 1960, 1964, 1966, 1968, 1972, 1974, 1976, 1978, 1980, 1982, 1984, 1986, 1988, 1990, 1992, 1994, 1996, 1998, 2000, 2002, 2004, 2016, 2020",Yes,4
VCF9030b,Contacted By Democratic Party,Did Democratic Party contact R about election campaign,1-2,8;9,"1956, 1960, 1964, 1966, 1968, 1972, 1974, 1976, 1978, 1980, 1982, 1984, 1986, 1988, 1990, 1992, 1994, 1996, 1998, 2000, 2002, 2004, 2012, 2016, 2020",Yes,4
VCF9030c,Contacted By Republican Party,Did Republican Party contact R about election campaign,1-2,8;9,"1956, 1960, 1964, 1966, 1968, 1972, 1974, 1976, 1978, 1980, 1982, 1984, 1986, 1988, 1990, 1992, 1994, 1996, 1998, 2000, 2002, 2004, 2012, 2016, 2020",Yes,4
VCF9031,Contacted By Anyone Other than Parties,"1980-2004: 
Other than someone from the two major parties, did anyone
else call you
up or come around and talk to you ab",1-5,8;9,"1980, 1984, 1986, 1988, 1990, 1992, 1994, 1996, 1998, 2000, 2004, 2012, 2016, 2020",Yes,4
VCF9032,Hear Programs about Campaigns on the Radio 4-Category,"Did you listen to any speeches or discussions about the campaign [2012:

for President] on the radio?
(IF YES:) Would yo",0-5,8;9,"1960, 1964, 1968, 1972, 1976, 1978, 1980, 1984, 1986, 1988, 1992, 1996, 2000, 2004, 2012, 2016",Yes,6
VCF9033,Number of Days Read Newspaper in Last Week,"How many days in the past week did you read a daily newspaper?
[2012:
During a typical week, how many days do you read n",0-7,8;9,"1984, 1986, 1988, 1990, 1992, 1994, 1996, 1998, 2000, 2002, 2004",Yes,5
VCF9034,Read Daily Newspaper,"1974,1978,1980: 
Now let’s switch to newspapers.
1976:
How
about newspapers.
ALL YEARS:
Do you read a daily newspaper?",1-5,8;9,"1974, 1976, 1978, 1980",Yes,4
VCF9035,Number of Days Watched National TV News in Past Week,"How many days in the past week did you watch national news (1986:
a
national news program) (1984,1988-1994: the news; 19",0-7,8;9,"1984, 1986, 1990, 1992, 1994, 1996, 1998, 2000, 2002, 2004",Yes,5
VCF9036,Party with Senate Majority Before the Election,"Do you happen to know which party had the most members in the
U.S.
Senate before the election this/last month? (IF NECES",1-8,9,"1982, 1984, 1986, 1988, 1990, 1992, 1994, 1996, 1998, 2000, 2004",No,7
VCF9037,Government Should Ensure Fair Jobs for Blacks,"Some people feel that if black people (1964,1968: negroes) are
not
getting fair treatment in jobs, the government in Was",1-9,0,"1964, 1968, 1972, 1986, 1988, 1992, 1996, 2000, 2004, 2012",Yes,4
VCF9038,Guaranteed Equal Opportunity Is Not Government Job,"1986: 
Please tell me how much you agree or disagree with the
following
statement. (RESPONDENT BOOKLET SHOWN TO R) Do yo",1-8,9,"1986, 1988",Yes,7
VCF9039,Conditions Make it Difficult for Blacks to Succeed,"1986,1990,1994: 
In past studies we have asked people why they think
white people seem to
get more of the good things in",1-8,9,"1986, 1988, 1990, 1992, 1994, 2000, 2004, 2012, 2016, 2020, 2024",Yes,7
VCF9040,Blacks Should Not Have Special Favors to Succeed,"2004: Now I’m going to read several more statements. After each
one,
I would like you to tell me how strongly you agree ",1-8,9,"1986, 1988, 1990, 1992, 1994, 1998, 2000, 2004, 2016, 2020, 2024",Yes,7
VCF9041,Blacks Must Try Harder to Succeed,"‘It’s really a matter of some people not trying hard enough; if
blacks
would only try harder they could be just as well ",1-8,9,"1986, 1988, 1990, 1992, 1994, 2000, 2004, 2012, 2016, 2020, 2024",Yes,7
VCF9042,Blacks Gotten Less than They Deserve Over the Past Few Years,‘Over the past few years blacks have gotten less than they deserve.’,1-8,9,"1986, 1988, 1990, 1992, 1994, 1998, 2000, 2004, 2012, 2016, 2020, 2024",Yes,7
VCF9043,School Prayer Allowed 4-Category,"Which of the following views comes closest to your opinion on
the
issue of school prayer? [1996-LATER: Just give me the ",1-9,0,"1986, 1988, 1990, 1992, 1994, 1996, 1998",No,6
VCF9043a,Strength of Opinion When School Prayer Allowed 4-Category,"Which of the following views comes closest to your opinion on
the
issue of school prayer? [1996-LATER: Just give me the ",1-5,8;9,"1986, 1988, 1990, 1992, 1994, 1996, 1998",Yes,4
VCF9044,Effect of Federal Economic Policies 7-Category,"(1988 AND LATER: Over the past year) Would you say that the
economic
policies of the federal government have made the na",1-7,8;9,"1984, 1986, 1988, 1992, 1994, 1996",No,9
VCF9044a,Effect of Federal Economic Policies 3-Category,"(1988,1992-LATER: Over the past year) Would you say that the
economic
policies of the federal government have made the n",1-8,9,"1984, 1986, 1988, 1992, 1994, 1996",Yes,5
VCF9045,Position of the U.S. Weaker/Stronger in the Past Year,"1958,1960,1964,1968: 
Would you say that in the past year or so our
position in the world has
become stronger, less stro",1-8,9,"1958, 1960, 1964, 1968, 1984, 1986, 1988, 1990, 1992, 1994, 1996, 1998, 2000, 2002, 2004, 2012, 2016, 2020, 2024",No,5
VCF9046,Federal Spending- Food Stamps,Food stamps,1-8,9,"1984, 1986, 1988, 1990, 1992, 1994, 1996, 2000",Yes,6
VCF9047,Federal Spending- Improve and Protect the Environment,"Should federal spending on improving and protecting the environment
(2000,2002: environmental 
protection; 2008,2012,201",1-8,9,"1984, 1986, 1988, 1990, 1992, 1994, 1996, 2000, 2002, 2016, 2020, 2024",Yes,6
VCF9048,Federal Spending- Space/Science/Technology,"1984,1992 and later: Science and technology
1986,1988: Space and
scientific research
1990: the space program",1-8,9,"1984, 1986, 1988, 1990, 1992, 2004, 2008, 2012, 2016",Yes,6
VCF9049,Federal Spending- Social Security,Social Security,1-8,9,"1984, 1986, 1988, 1990, 1992, 1994, 1996, 2000, 2002, 2004, 2012, 2016, 2020, 2024",Yes,6
VCF9050,Federal Spending- Assistance to Blacks,"Programs that assist blacks
1984: assistance to blacks
2002: aid
to blacks",1-8,9,"1984, 1986, 1988, 1990, 1992, 2000, 2002",Yes,6
VCF9051,School Prayer Allowed 2-Category,"Some people think it is all right for the public schools to start
each
day with a prayer. Others feel that religion does",1-8,9,"1964, 1966, 1968, 1980, 1984",No,4
VCF9052,Are Things in U.S. Going Well or Not,"Let’s talk about the country as a whole.
Would you say that things in
the country are generally going very
well, fairly ",1-5,8;9,"1984, 1986, 1988",No,6
VCF9053,Income Kept Up with Costs in Last Year,"Do you think that over the last year your/your family’s income
has
gone up more than the cost of living, has it fallen b",1-7,8;9,"1984, 1986, 1988, 1992",Yes,9
VCF9054,Senate Race in State,Checkpoint: Senate race in state of IW?,1-2,9,"1978, 1980, 1982, 1984, 1986, 1988, 1990, 1992, 1994, 1996, 1998, 2000, 2002, 2004, 2012, 2016, 2020",Yes,3
VCF9055,Type of U.S. Senate Race,Type of Senate race,12-95,0,"1978, 1980, 1982, 1984, 1986, 1988, 1990, 1992, 1994, 1996, 1998, 2000, 2002, 2004, 2012, 2016, 2020",Yes,25
VCF9056,Thermometer - Senate Democratic Candidate,Senate Democratic candidate - feeling thermometer,0-100,990;996;997;998;999,"1978, 1980, 1982, 1986, 1988, 1990, 1992, 1994, 1998, 2000, 2002, 2004, 2012, 2016, 2020, 2024",Yes,5
VCF9057,Thermometer - Senate Republican Candidate,Senate Republican candidate - feeling thermometer,0-100,990;996;997;998;999,"1978, 1980, 1982, 1986, 1988, 1990, 1992, 1994, 1998, 2000, 2002, 2004, 2012, 2016, 2020, 2024",Yes,5
VCF9058,Thermometer - Senate Incumbent Candidate,Senate incumbent candidate - feeling thermometer,0-100,990;996;997;998;999,,Yes,5
VCF9059,Thermometer - Senate Challenger,Senate challenger to incumbent candidate - feeling thermometer,0-100,990;996;997;998;999,,Yes,5
VCF9060,Thermometer - Senator in State with Senate Race,"Senator not up for re-election in state with Senate race -
feeling
thermometer",0-100,996;997;998;999,"1978, 1980, 1982, 1986, 1988, 1990, 1992, 1994, 2004, 2016, 2020",Yes,4
VCF9061,Thermometer - Senator 1 in State with No Senate Race),First Senator in state without Senate race - feeling thermometer,0-100,996;997;998;999,"1978, 1980, 1982, 1986, 1988, 1990, 1992, 1994, 2004",Yes,4
VCF9062,Thermometer - Senator 2 in State with No Senate Race),Second Senator in state without Senate race - feeling thermometer,0-100,996;997;998;999,"1978, 1980, 1982, 1986, 1988, 1990, 1992, 1994, 2004",Yes,4
VCF9063,Recall Names of U.S. Senate Candidates,"ALL YEARS EXCEPT 1992 CALIFORNIA ONLY: 
How about the candidates who
ran in this state for the United States
Senate in W",1-5,0;9,"1974, 1978, 1980, 1982, 1986, 1988, 1990, 1992",No,4
VCF9064,Recall Correct Name of U.S. Senate Candidate,"How about the candidates who ran in this state for the United
States
Senate in Washington? Do you happen to remember wha",1-7,0;9,"1978, 1980, 1982, 1986, 1988, 1990, 1992",Yes,9
VCF9065,Recall Correct Name of U.S. Senate Candidate,"How about the candidates who ran in this state for the United
States
Senate in Washington? Do you happen to remember wha",1-7,0;9,"1978, 1980, 1982, 1986, 1988, 1990, 1992",Yes,9
VCF9066,Recall Correct Name of U.S. Senate Candidate,"How about the candidates who ran in this state for the United
States
Senate in Washington? Do you happen to remember wha",1-7,0;9,"1978, 1980, 1982, 1986, 1988, 1990, 1992",Yes,9
VCF9067,Number of Recalled Names of U.S. Senate Candidates,Summary: number of corrent recalls– U.S. Senate candidates,0-33,97;99,,Yes,12
VCF9069,Strength Approve/Disapprove Running U.S. House Incumbent,"In general, do you approve or disapprove of the way [running U.S.
House
incumbent Representative] has been handling his/",1-8,0;9,"1980, 1986, 1988, 1990, 1992, 1994, 1996, 1998, 2000, 2004, 2012, 2016, 2020",Yes,7
VCF9070,Agreement w/ Running House Incumbent's Legislative Votes,"Now we would like your opinion about the way [running U.S.
House
incumbent representative] has voted on bills that have ",1-5,0;8;9,"1982, 1986, 1988",Yes,6
VCF9071,Remember Running U.S. House Incumbent Vote on Any Bill,"Was there any bill in particular that you remember how [House
running
incumbent] voted on in the last couple of years?",1-5,0;8;9,"1986, 1988, 1990",Yes,5
VCF9072,Agree With Running U.S. House Incumbent Vote on Bill,"Was there any bill in particular that you remember how s/he
[House
running incumbent] voted on in the last couple of
yea",1-5,0;8;9,"1986, 1988, 1990",Yes,5
VCF9073,President on Defense Spending Scale,"Some people believe that we should spend much less money for
defense.
2004: 
Please look at page [page] of the booklet.
",1-7,0;8;9,"1980, 1982, 1984, 1986, 1988, 1990, 1992, 1996, 2004",Yes,5
VCF9074,President on Cooperation with USSR Scale,"1980: 
Some people feel it is important for us to try very hard to
get along
with Russia. Others feel it is a big mistak",1-7,0;8;9,"1980, 1984, 1988",Yes,5
VCF9075,President on Women's Equal Role Scale,"2004: 
Please look at page [page] of the booklet.
Recently there
has been a lot of talk about women’s
rights. Some peopl",1-7,0;8;9,"1972, 1976, 1978, 1980, 1982, 1988, 1996, 1998, 2004",Yes,5
VCF9076,President on Aid to Blacks Scale,"1970-1984,1988 FORM B: 
Some people feel that the government in
Washington should make every
possible effort to improve ",1-7,0;8;9,"1970, 1972, 1974, 1976, 1978, 1980, 1982, 1984, 1988, 1990, 1994, 1996, 2000, 2004, 2012",Yes,5
VCF9077,President on Government Health Insurance Scale,"There is much concern about the rapid rise in medical and
hospital
costs.
Some people feel there should be a government
",1-7,0;8;9,"1970, 1972, 1976, 1978, 1994, 1996, 2012",Yes,5
VCF9078,President on Government Spending/Services Scale,"2004: 
Please look at page [page] of the booklet.
Some people
think the government should provide fewer
services even in",1-7,0;8;9,"1982, 1984, 1986, 1988, 1990, 1992, 1994, 1996, 1998, 2000, 2004, 2012",Yes,5
VCF9079,President on Guaranteed Jobs and Living Scale,"Please look at page 9 of the booklet.
Some people feel the government
in Washington should see
to it that every person h",1-7,0;8;9,"1972, 1974, 1976, 1978, 1980, 1982, 1984, 1988, 1992, 1994, 1996, 1998, 2004, 2012",Yes,5
VCF9080,President on Liberal-Conservative Scale,"We hear a lot of talk these days about liberals and
conservatives.
I’m going to [1996-LATER: Here is a] show you a
7-poi",1-7,0;8;9,"1972, 1974, 1976, 1978, 1980, 1982, 1984, 1986, 1988, 1990, 1992, 1994, 1996, 1998, 2000, 2004, 2012",Yes,10
VCF9081,Democratic Presidential Cand- Defense Spending Scale,"2004: 
Please look at page [page] of the booklet.
Some people
believe that we should spend much less money
for defense. ",1-7,0;8;9,"1980, 1984, 1988, 1992, 1996, 2000, 2004, 2016",Yes,5
VCF9082,Democratic Presidential Cand- Cooperation with U.S.S.R. Scale,"1980: 
Some people feel it is important for us to try very hard
to
get along with Russia. Others feel it is a big mistak",1-7,8;9,"1980, 1984, 1988",Yes,4
VCF9083,Democratic Presidential Cand- Women Equal Role Scale,"2004: 
Please look at page [page] of the booklet.
Recently there
has been a lot of talk about women’s
rights. Some peopl",1-7,0;8;9,"1972, 1976, 1980, 1988, 1996, 2000, 2004",Yes,5
VCF9084,Democratic Presidential Cand- Aid to Blacks Scale,"1972,1976,1980,1984 and 1988 FORM B: 
Some people feel that the
government in Washington should make every
(1972, 1976: ",1-7,0;8;9,"1972, 1976, 1980, 1984, 1988, 1996, 2000, 2004, 2012, 2016, 2020, 2024",Yes,5
VCF9085,Democratic Presidential Cand- Government Health Insurance Scale,"There is much concern about the rapid rise in medical and
hospital
costs. Some feel there should be a government insuran",1-7,0;8;9,"1972, 1976, 1988, 1996, 2012, 2016, 2020, 2024",Yes,5
VCF9086,Democratic Presidential Cand- Government Services-Spending Scale,"2004: 
Please look at page [page] of the booklet.
Some people
think the government should provide fewer
services even in",1-7,0;8;9,"1984, 1988, 1992, 1996, 2000, 2004, 2012, 2016, 2020, 2024",Yes,5
VCF9087,Democratic Presidential Cand- Guaranteed Jobs and Living Scale,"2004: 
Please look at page [page] of the booklet.
Some people feel
the government in Washington should see
to it that ev",1-7,0;8;9,"1972, 1976, 1980, 1984, 1988, 1992, 1996, 2000, 2004, 2012, 2016, 2024",Yes,5
VCF9088,Democratic Presidential Cand- Liberal-Conservative Scale,"We hear a lot of talk these days about liberals and
conservatives.
Here is a 7-point scale on which the political views
",1-7,0;8;9,"1972, 1976, 1980, 1984, 1988, 1992, 1996, 2000, 2004, 2016, 2020, 2024",Yes,10
VCF9089,Republican Presidential Cand- Defense Spending Scale,"2004: 
Please look at page [page] of the booklet.
Some people
believe that we should spend much less money
for defense. ",1-7,0;8;9,"1980, 1984, 1988, 1992, 1996, 2000, 2004, 2016",Yes,5
VCF9090,Republican Presidential Cand- Cooperation with U.S.S.R. Scale,"1980: 
Some people feel it is important for us to try very hard to
get along
with Russia. Others feel it is a big mistak",1-7,0;8;9,"1980, 1984, 1988",Yes,5
VCF9091,Republican Presidential Cand- Women Equal Role Scale,"2004: 
Please look at page [page] of the booklet.
Recently there
has been a lot of talk about women’s
rights. Some peopl",1-7,0;8;9,"1972, 1976, 1980, 1988, 1996, 2000, 2004",Yes,5
VCF9092,Republican Presidential Cand- Aid to Blacks Scale,"1972,1976,1980,1984 and 1988 FORM B: 
Some people feel that the
government in Washington should make every
(1972, 1976: ",1-7,0;8;9,"1972, 1976, 1980, 1984, 1988, 1996, 2000, 2004, 2012, 2016, 2020, 2024",Yes,5
VCF9093,Republican Presidential Cand- Government Health Insurance Scale,"There is much concern about the rapid rise in medical and
hospital
costs. Some feel there should be a government insuran",1-7,0;8;9,"1972, 1976, 1988, 1996, 2012, 2016, 2020, 2024",Yes,5
VCF9094,Republican Presidential Cand- Government Services-Spending Scale,"2004: 
Please look at page [page] of the booklet.
Some people
think the government should provide fewer
services even in",1-7,0;8;9,"1984, 1988, 1992, 1996, 2000, 2004, 2012, 2016, 2020, 2024",Yes,5
VCF9095,Republican Presidential Cand- Guaranteed Jobs and Living Scale,"2004: 
Please look at page [page] of the booklet.
Some people feel
the government in Washington should see
to it that ev",1-7,0;8;9,"1972, 1976, 1980, 1984, 1988, 1992, 1996, 2000, 2004, 2012, 2016, 2024",Yes,5
VCF9096,Republican Presidential Cand- Liberal-Conservative Scale,"We hear a lot of talk these days about liberals and
conservatives.
Here is a 7-point scale on which the political views
",1-7,0;8;9,"1972, 1976, 1980, 1984, 1988, 1992, 1996, 2000, 2004, 2012, 2016, 2020, 2024",Yes,10
VCF9097,Democratic U.S. House Cand- Women Equal Role Scale,"Recently there has been a lot of talk about women’s rights.
Some
people feel that women should have an equal role with m",1-7,0;8;9,"1978, 1980, 1982, 1998",Yes,5
VCF9098,Democratic U.S. House Cand- Aid to Blacks Scale,"Some people feel that the government in Washington should make
every
possible effort to improve the social and economic ",1-7,0;8;9,"1978, 1980, 1982",Yes,5
VCF9099,Democratic U.S. House Cand- Government Services-Spending Scale,"2004: 
Please look at page [page] of the booklet.
Some people
think the government should provide fewer
services even in",1-7,0;8;9,"1982, 1984, 1986, 1990, 1994, 1996, 1998, 2000, 2004",Yes,5
VCF9100,Democratic U.S. House Cand- Guaranteed Jobs and Living Scale,"Some people feel the government in Washington should see to it
that
every person has a job and a good standard of living",1-7,0;8;9,"1978, 1980, 1982, 1984, 1994, 1998",Yes,5
VCF9101,Democratic U.S. House Cand- Liberal-Conservative Scale,"We hear a lot of talk these days about liberals and
conservatives.
Here is a 7-point scale on which the political views
",1-7,0;8;9,"1978, 1980, 1982, 1986, 1990, 1994, 1996, 1998, 2000, 2004",Yes,10
VCF9102,Republican U.S. House Cand- Women Equal Role Scale,"Recently there has been a lot of talk about women’s rights.
Some
people feel that women should have an equal role with m",1-7,0;8;9,"1978, 1980, 1982, 1998",Yes,5
VCF9103,Republican U.S. House Cand- Aid to Blacks Scale,"Some people feel that the government in Washington should make
every
(1978: possible) effort to improve the social and e",1-7,0;8;9,"1978, 1980, 1982",Yes,5
VCF9104,Republican U.S. House Cand- Government Services-Spending Scale,"2004: 
Please look at page [page] of the booklet.
Some people
think the government should provide fewer
services even in",1-7,0;8;9,"1982, 1984, 1986, 1990, 1994, 1996, 1998, 2000, 2004",Yes,5
VCF9105,Republican U.S. House Cand- Guaranteed Jobs and Living Scale,"Some people feel the government in Washington should see to it
that
every person has a job and a good standard of living",1-7,0;8;9,"1978, 1980, 1982, 1984, 1994, 1998",Yes,5
VCF9106,Republican U.S. House Cand- Liberal-Conservative Scale,"We hear a lot of talk these days about liberals and
conservatives.
Here is a 7-point scale on which the political views
",1-7,0;8;9,"1978, 1980, 1982, 1986, 1990, 1994, 1996, 1998, 2000, 2004",Yes,10
VCF9107,Incumbent U.S. House Cand- Women Equal Role Scale,Women’s equal role – incumbent House cand placement on 7-point scale,1-7,0;8;9,,Yes,5
VCF9108,Incumbent U.S. House Cand- Aid to Blacks Scale,Aid to blacks – incumbent House cand placement on 7-point scale,1-7,0;8;9,,Yes,5
VCF9109,Incumbent U.S. House Cand- Government Services-Spending Scale,Govt services/spending – incumbent House cand placement on 7-point scale,1-7,0;8;9,,Yes,5
VCF9110,Incumbent U.S. House Cand- Guaranteed Jobs and Living Scale,Guaranteed jobs/living – incumbent House cand placement on 7-point scale,1-7,0;8;9,,Yes,5
VCF9111,Incumbent U.S. House Cand- Liberal-Conservative Scale,Liberal/conservative – incumbent House cand placement on 7-point scale,1-7,0;8;9,,Yes,10
VCF9112,Challenger to Incumbent U.S. House Cand- Women Equal Role Scale,Women’s equal role – challenger House cand placement on 7-point scale,1-7,0;8;9,,Yes,5
VCF9113,Challenger to Incumbent U.S. House Cand- Aid to Blacks Scale,Aid to blacks – challenger House cand placement on 7-point scale,1-7,0;8;9,,Yes,5
VCF9114,Challenger to Incumbent U.S. House Cand- Government Services-Spending Scale,"Govt services/spending – challenger House cand placement on
7-point
scale",1-7,0;8;9,,Yes,5
VCF9115,Challenger to Incumbent U.S. House Cand- Guaranteed Jobs and Living Scale,"Guaranteed jobs/living – challenger House cand placement on
7-point
scale",1-7,0;8;9,,Yes,5
VCF9116,Challenger to Incumbent U.S. House Cand- Liberal-Conservative Scale,Liberal/conservative – challenger House cand placement on 7-point scale,1-7,0;8;9,,Yes,10
VCF9117,Federal Government on Cooperation with USSR Scale,"1980: 
Some people feel it is important for us to try very hard to
get along
with Russia. Others feel it is a big mistak",1-7,0;8;9,"1980, 1984, 1988",Yes,5
VCF9118,Federal Government on Defense Spending Scale,"Some people believe that we should spend much less money for
defense.
Others feel that defense spending should be greatl",1-7,0;8;9,"1980, 1982, 1984, 1986, 1988, 1990, 1992",Yes,5
VCF9119,Federal Government on Aid to Blacks Scale,"1980,1982,1984 and 1988 FORM B: Some people feel that the
government
in Washington should make every effort to improve t",1-7,0;8;9,"1980, 1982, 1984, 1988, 1990",Yes,5
VCF9120,Federal Government on Government Services/Spending Scale,"Some people think the government should provide fewer services,
even
in areas such as health and education in order to r",1-7,0;8;9,"1982, 1984, 1986, 1988, 1990, 1992",Yes,5
VCF9121,Federal Government on Guaranteed Jobs and Living Scale,"Some people feel the government in Washington should see to it
that
every person has a job and a good standard of living",1-7,0;8;9,"1980, 1982, 1984, 1988, 1992",Yes,5
VCF9122,Number of Politically Eligible Adults in HH,"Household composition, number of politically eligible adults",1-7,9,"1966, 1968, 1972, 1974, 1976, 1978, 1980, 1982, 1984, 1986, 1988, 1990, 1992, 1994, 1996, 1998, 2000, 2002, 2004, 2008, 2012",Yes,3
VCF9123,Number of Pre-Election Interviewer Calls,"Call number of last interviewer call to housing unit, pre-election.",,99,"1980, 1984, 1988, 1992, 1996, 2000, 2002, 2004, 2008",Yes,1
VCF9124,Number of Post-Election Interviewer Calls,"Call number of last interviewer call to housing unit, post-election.",,99,"1978, 1980, 1982, 1984, 1986, 1988, 1990, 1992, 1994, 1996, 1998, 2000, 2002, 2004, 2008",Yes,1
VCF9125,Post-Election Persuasion Letter 1978-2012,Was a persuasion letter requested/sent to the respondent?,1-5,9,"1978, 1980, 1982, 1986, 1988, 1990, 1992, 1994, 1996, 1998, 2000, 2002, 2012",Yes,3
VCF9131,Less Government Better OR Government Do More,"Next, I am going to ask you to choose which of two statements
I read
comes closer to your own opinion. You might agree t",1-8,9,"1990, 1992, 2000, 2004, 2012, 2016, 2020, 2024",Yes,4
VCF9132,Govt Handle Economy OR Free Market Can Handle,"Next, I am going to ask you to choose which of two statements
I read
comes closer to your own opinion. You might agree t",1-8,9,"1990, 1992, 2000, 2004, 2012, 2016",Yes,4
VCF9133,Govt Too Involved in Things OR Problems Require,"Next, I am going to ask you to choose which of two statements
I read
comes closer to your own opinion. You might agree t",1-8,9,"1990, 1992, 2000, 2004, 2012, 2016",Yes,4
VCF9134,More Important to Be Cooperative OR Self-reliant,"Next, I am going to ask you to choose which of two statements
I read
comes closer to your own opinion. You might agree t",1-8,9,"1990, 2000",Yes,4
VCF9149,Election Office Number,VOTE VALIDATION STUDY: Election Office Number,,0;998,"1984, 1986, 1988, 1990",Yes,2
VCF9150,R Registration Status (Self-reported),VOTE VALIDATION STUDY: R Registration Status (Self-reported),1-3,0,"1978, 1980, 1984, 1986, 1988, 1990, 2012",Yes,4
VCF9151,R Turnout (Self-reported),VOTE VALIDATION STUDY: R Turnout (Self-reported),1-5,0;8;9,"1964, 1976, 1978, 1980, 1984, 1986, 1988, 1990",Yes,5
VCF9152,Attempted Validation of Registration,VOTE VALIDATION STUDY: Attempted Validation of Registration,1-7,0,"1964, 1976, 1978, 1980, 1984, 1986, 1988, 1990",Yes,7
VCF9153,Status of Office Voting Records,VOTE VALIDATION STUDY: Status of Office Voting Records,1-5,0;8;9,"1976, 1978, 1980, 1984, 1986, 1988, 1990",Yes,7
VCF9154,Was R Registration Validated,VOTE VALIDATION STUDY: Was R Registration Validated,1-5,0;8;9,"1964, 1976, 1978, 1980, 1984, 1986, 1988, 1990",Yes,6
VCF9155,Was R Vote Validated,VOTE VALIDATION STUDY: Was R Vote Validated,1-5,0;9,"1964, 1976, 1978, 1980, 1984, 1986, 1988, 1990",Yes,5
VCF9201,CSES: Like-dislike (11pt) scale placement for Democratic party,"(I’d like to know what you think about each of our political parties.

After I read the name of a political party, pleas",0-10,,"1996, 2004, 2008, 2012, 2016, 2020, 2024",Yes,5
VCF9202,CSES: Like-dislike (11pt) scale placement for Republican party,"(I’d like to know what you think about each of our political parties.

After I read the name of a political party, pleas",0-10,,"1996, 2004, 2008, 2012, 2016, 2020, 2024",Yes,5
VCF9203,CSES: Do any of the parties in the U.S. represent R's view reasonably well,"Would you say that any of the parties in the United States represents

your views reasonably well?
{INTERVIEWER: DO NOT ",1-2,,"2004, 2008, 2016, 2020",No,4
VCF9204,CSES: Which political party is it that represents R's views best,"(Would you say that any of the parties in the United States represents

your views reasonably well?)
Which party represe",1-7,,"2004, 2008, 2016, 2020",No,5
VCF9205,Which party would do a better job handling the nation's economy,"Which party do you think would do a better job of handling the nation’s

economy, the Democrats, the Republicans, or wou",1-7,,"1990, 1992, 1994, 1996, 2000, 2002, 2004, 2008, 2012, 2016, 2020, 2024",Yes,6
VCF9206,Better when one party controls both the Presidency and U.S. Congress or when con,"Do you think it is better when one party controls both the presidency

and Congress; better when control is split betwee",1-3,,"1992, 1998, 2000, 2002, 2004, 2008, 2012, 2016, 2020, 2024",No,5
VCF9207,CSES: Like-dislike (11pt) scale placement for Democratic Presidential candidate,"1996:
And now, using the same scale, I’d like to ask you how
much
you like or dislike some political leaders. Again,
if ",0-10,,"1996, 2008, 2012, 2016, 2020, 2024",Yes,5
VCF9208,CSES: Like-dislike (11pt) scale placement for Republican Presidential candidate,"1996:
And now, using the same scale, I’d like to ask you how
much
you like or dislike some political leaders. Again,
if ",0-10,,"1996, 2008, 2012, 2016, 2020, 2024",Yes,5
VCF9209,How well does _provides strong leadership_ describe: Democratic Presidential can,"[Think about 
-Democratic Presidential candidate name-.
In your
opinion, does the phrase
‘he provides strong leadership’",1-5,,"2008, 2012, 2016, 2020, 2024",Yes,7
VCF9210,How well does _really cares about people like you_ describe: Democratic Presiden,"[Think about 
-Democratic Presidential candidate name-.
In your
opinion, does the phrase
‘he really cares about people l",1-5,,"2008, 2012, 2016, 2020, 2024",Yes,7
VCF9211,How well does _knowledgeable_ describe: Democratic Presidential candidate (no RB,"2[Think about 
-Democratic Presidential candidate name-.
In your
opinion, does the phrase
‘he is knowledgeable’
describe",1-5,,"2008, 2012, 2016, 2020, 2024",Yes,7
VCF9212,"How well does _honest_ describe: Democratic Presidential candidate (no RB, 5 cat","[Think about 
-Democratic Presidential candidate name-.
In your
opinion, does the phrase
‘he is honest’
describe -name- ",1-5,,"2008, 2012, 2016, 2020, 2024",Yes,7
VCF9213,How well does _provides strong leadership_ describe: Republican Presidential can,"[Think about 
-Republican Presidential candidate name-.
In your
opinion, does the phrase
‘he provides strong leadership’",1-5,,"2008, 2012, 2016, 2020, 2024",Yes,7
VCF9214,How well does _really cares about people like you_ describe: Republican Presiden,"[Think about 
-Republican Presidential candidate name-.
In your
opinion, does the phrase
‘he really cares about people l",1-5,,"2008, 2012, 2016, 2020, 2024",Yes,7
VCF9215,How well does _knowledgeable_ describe: Republican Presidential candidate (no RB,"[Think about 
-Republican Presidential candidate name-.
In your
opinion, does the phrase
‘he is knowledgeable’
describe ",1-5,,"2008, 2012, 2016, 2020, 2024",Yes,7
VCF9216,"How well does _honest_ describe: Republican Presidential candidate (no RB, 5 cat","[Think about 
-Republican Presidential candidate name-.
In your
opinion, does the phrase
‘he is honest’
describe -name- ",1-5,,"2008, 2012, 2016, 2020, 2024",Yes,7
VCF9217,Does R approve or disapprove of the way current U.S. President is handling forei,"Do you approve or disapprove of the way -President name- is
handling
(1984,1988-2004: our) relations with foreign countr",1-2,,"1984, 1988, 1990, 1992, 1994, 1996, 1998, 2000, 2002, 2004, 2008, 2012, 2016, 2020, 2024",Yes,4
VCF9218,Does R approve or disapprove of the way current U.S. President is handling healt,"Do you approve or disapprove of the way -President name- is
handling
health care?",1-2,,"1996, 2008, 2012, 2016, 2020",Yes,4
VCF9219,"Current U.S. President retrospective: U.S. more or less secure, or not changed","2000:
Would you say that compared to 1992, the United States
is
more secure from its foreign enemies, less secure, or
ha",1-3,,"2000, 2008, 2012, 2016",No,5
VCF9220,"Current U.S. President retrospective (since beginning of term): economy better, ","1992:
Compared to four years ago, would you say that the
nation’s
economy has gotten better, stayed about the same,
or g",1-3,,"1992, 2000, 2004, 2016",Yes,5
VCF9221,CSES: How good or bad a job has the government done in general over the last ter,"Now thinking about the performance of the government in Washington

in general, how good or bad a job do you think the g",1-4,,"2004, 2008, 2016, 2020",No,6
VCF9222,Are things in this country on the right track or have things seriously gotten of,"Do you feel things in this country are generally going in the right

direction, or do you feel things have pretty seriou",1-2,,"1992, 1994, 1998, 2004, 2008, 2012, 2016, 2020, 2024",No,4
VCF9223,How likely is it that recent immigration levels will take jobs away from people ,"How likely is it that recent immigration levels will take jobs away

from people already here– extremely likely, very li",1-4,,"2004, 2008, 2012, 2016, 2020, 2024",No,6
VCF9224,Is R invested in the stock market,"Do you personally, or jointly with a spouse, have any money invested

in the stock market right now – either in an indiv",1-2,,"1998, 2000, 2002, 2004, 2008, 2012, 2016, 2020, 2024",Yes,4
VCF9225,"Has unemployment in the country gotten better, stayed the same, or gotten worse ","Would you say that over the past year, the level of unemployment 
in
the country has gotten better, stayed about the sam",1-3,,"1986, 1988, 1992, 2004, 2008, 2012, 2016, 2020, 2024",No,5
VCF9226,Much or somewhat that the level of unemployment has gotten better/worse,"(Would you say that over the past year, the level of unemployment 
in
the country has gotten better, stayed about the sa",1-5,,"1986, 1988, 1992, 2004, 2008, 2012, 2016, 2020",No,7
VCF9227,Does R think the difference in incomes between rich and poor in the U.S. is larg,"Do you think the difference in incomes between rich people and
poor
people in the United States today is larger, smaller",1-3,,"2004, 2008, 2012, 2016, 2020",No,5
VCF9228,Much or somewhat larger/smaller gap in incomes between rich and poor in the U.S.,"(Do you think the difference in incomes between rich people and
poor
people in the United States today is larger, smalle",1-5,,"2004, 2008, 2012, 2016, 2020",No,7
VCF9229,"Will unemployment get better, stay the same, or get worse in the next 12 months","How about people out of work during the coming 12 months– do you

think that there will be more unemployment than now, a",1-3,,"1992, 2004, 2008, 2012, 2016, 2020, 2024",No,5
VCF9230,Should the federal government encourage or discourage American companies to repl,"Recently, some big American companies have been hiring workers
in
foreign countries to replace workers in the U.S.
Do yo",1-3,,"2004, 2008, 2012, 2016",No,5
VCF9231,Does R favor or oppose placing limits on imports to protect American jobs (or ha,"Some people have suggested placing new limits on foreign 
imports in
order to protect American jobs. Others say that 
su",1-2,,"1988, 1992, 1996, 1998, 2000, 2004, 2008, 2012, 2016, 2020, 2024",No,5
VCF9232,Does R favor or oppose the U.S. government torturing people who are suspected of,"Do you favor, oppose, or neither favor nor oppose the U.S.

government torturing people, who are suspected of
being
terr",1-3,,"2008, 2012, 2016",No,5
VCF9233,How much does R favor/oppose use of U.S. govt torture [of those suspected of bei,"(Do you favor, oppose, or neither favor nor oppose the U.S.

government torturing people, who are suspected of
being
ter",1-7,,"2008, 2012, 2016",No,9
VCF9234,Abortion issue placement for Democratic Presidential candidate,"1992:
What do you think is -Democratic Presidential candidate name-’s

position on abortion?
1996,2004-LATER:
Where woul",1-4,,"1992, 1996, 2000, 2004, 2008, 2012, 2016, 2020",Yes,6
VCF9235,Abortion issue placement for Republican Presidential candidate,"1992:
What do you think is -Democratic Presidential candidate name-’s

position on abortion?
1996,2004-LATER:
Where woul",1-4,,"1992, 1996, 2000, 2004, 2008, 2012, 2016, 2020",Yes,6
VCF9236,Does R favor or oppose the death penalty for persons convicted of murder,"Do you favor or oppose the death penalty for persons convicted 
of
murder?",1-2,,"1988, 1990, 1992, 1994, 1996, 1998, 2000, 2004, 2008, 2012, 2016, 2020, 2024",No,4
VCF9237,R strongly or not strongly favor/oppose the death penalty for persons convicted ,"(Do you favor or oppose the death penalty for persons convicted 
of
murder?)
Do you favor the death penalty for persons ",1-5,,"1988, 1990, 1992, 1994, 1996, 1998, 2000, 2004, 2008, 2012, 2016, 2020",No,6
VCF9238,"Should the government make it more difficult or easier to buy a gun, or should t","Do you think the federal government should make it more difficult

for people to buy a gun than it is now, make it easie",1-3,,"2000, 2004, 2008, 2012, 2016, 2020",No,5
VCF9239,How important is gun control issue to R,"(Do you think the federal government should make it more difficult

for people to buy a gun than it is now, make it easi",1-5,,"2000, 2004, 2008, 2012, 2016, 2020",No,7
VCF9240,CSES: Left-right (11pt) scale placement for R,"In politics people sometimes talk of left and right.
Where would you
place yourself on a scale from 0 to 10 where 0 
mea",0-10,,"1996, 2004, 2008, 2012, 2016, 2020",No,4
VCF9241,CSES: Left-right (11pt) scale placement for Democratic party,"In politics people sometimes talk of left and right.
Where would you
place the Democratic party on a scale from 0 
to 10",0,10,"2004, 2008, 2012, 2016, 2020",No,5
VCF9242,CSES: Left-right (11pt) scale placement for Republican party,"Using the same scale, where would you place the Republican

party?
{INTERVIEWER: DO NOT PROBE DON’T KNOW}",0-10,,"2004, 2008, 2012, 2016, 2020",No,5
VCF9243,Would R call self a born-again Christian /consider self a born-again Christian /,"1980,1984: 
Some people have had deep religious experiences which
have 
transformed their lives. I’m thinking of experie",1-2,,"1980, 1984, 1988, 1990, 1992, 1996, 1998, 2000, 2008, 2012, 2016, 2020",Yes,4
VCF9244,How often can R trust people,"Generally speaking, how often can you trust other people?
Always,
most of the time, about half the time, once in a while",1-5,,"2008, 2012, 2016, 2020",No,7
VCF9245,How satisfied is R with R's life,"All things considered, how satisfied are you with your life as a

whole these days?
Would you say that you are extremely",1-5,,"2008, 2012, 2016, 2020, 2024",No,7
VCF9246,Which is more important for a child to have: curiosity or good manners,"(Although there are a number of qualities that people
feel that
children should have, every person thinks that
some are ",1-3,,"1992, 2000, 2004, 2008, 2012, 2016, 2020, 2024",No,5
VCF9247,Which is more important for a child to have: obedience or self-reliance,"(Although there are a number of qualities that people
feel that
children should have, every person thinks that
some are ",1-4,,"1992, 2000, 2004, 2008, 2012, 2016, 2020, 2024",No,6
VCF9248,Which is more important for a child to be: considerate or well-behaved,"(Although there are a number of qualities that people
feel that
children should have, every person thinks that
some are ",1-3,,"1992, 2000, 2004, 2008, 2012, 2016, 2020, 2024",No,5
VCF9249,Which is more important for a child to have: independence or respect for elders,"(Although there are a number of qualities that people
feel that
children should have, every person thinks that
some are ",1-3,,"1992, 2000, 2004, 2008, 2012, 2016, 2020, 2024",No,5
VCF9250,CSES: Who votes for makes a big diffence - (5pt) scale placement for R,"Some people say that no matter who people vote for, it won’t
make any
difference to what happens. Others say that who
pe",1-5,,"2008, 2012, 2016, 2020, 2024",Yes,4
VCF9251,How well does R understand the important political issues facing our country,"How well do you understand the important political issues facing
our
country? Extremely well, very well, moderately well",1-5,,"2008, 2012, 2016, 2020, 2024",No,7
VCF9252,How often do politics and government seem so complicated that R can't really und,"How often do politics and government seem so complicated that
you
can’t really understand what’s going on? All the time,",1-5,,"2008, 2012, 2016, 2020, 2024",No,7
VCF9253,CSES: Make big difference who is in power (5pt) scale placement for R,"Please look at page 10 in the booklet.
Some people say that it
doesn’t make any difference
who is in power. Others say t",1-5,,"2008, 2012, 2016, 2020, 2024",Yes,4
VCF9254,CSES: How satisfied is R with the way democracy works in the U.S. (4cat: satisfi,"On the whole, are you satisfied, fairly satisfied, not very

satisfied, or not at all satisfied with the way democracy w",1-4,,"1996, 2000, 2002",No,6
VCF9255,CSES: How satisfied is R with the way democracy works in the U.S. (4cat: very sa,"On the whole, are you very satisfied, fairly satisfied, not very

satisfied, or not at all satisfied with the way democr",1-4,,"2004, 2008, 2012, 2016, 2020, 2024",No,6
VCF9256,Was R able to devote any time to volunteer work in the last 12 months,"Many people say they have less time these days to do volunteer 
work.
What about you, were you able to devote any time t",1-2,,"1992, 1996, 2000, 2002, 2004, 2008, 2012, 2016, 2020, 2024",No,4
VCF9257,Has R worked with others to deal with issue in community during the past 12 mont,"During the past 12 months, have you worked with other people 
to deal
with some issue facing your community?",1-2,,"2000, 2002, 2004, 2008, 2012, 2016, 2020",No,4
VCF9258,Did R attend a meeting about an issue in community or schools during the past 12,"During the past twelve months, did you attend a meeting about 
an
issue facing your community or schools?",1-2,,"2000, 2004, 2008, 2012, 2016, 2020, 2024",No,4
VCF9259,How often does R follow information about politics and government,"How often do you pay attention to what’s going on in government 
and
politics?
All the time, most of the time, about hal",1-5,,"2008, 2012, 2016, 2020, 2024",No,7
VCF9260,What job or office is held by named Speaker of the U.S. House,"Now we have a set of questions concerning various
public figures. We
want to see how much information about
them gets ou",1-2,,"1992, 1996, 2004, 2008, 2012, 2016, 2020, 2024",No,3
VCF9261,What job or office is held by named Vice-President,"Now we have a set of questions concerning various
public figures. We
want to see how much information about
them gets ou",1-2,,"1986, 1990, 1992, 1994, 1996, 1998, 2004, 2008, 2012, 2016, 2020",No,3
VCF9262,What job or office is held by named Chief Justice of the U.S. Supreme Court,"Now we have a set of questions concerning various
public figures. We
want to see how much information about
them gets ou",1-2,,"1986, 1988, 1990, 1992, 1994, 1996, 1998, 2000, 2004, 2008, 2012, 2016, 2020, 2024",No,3
VCF9263,What was the party of the running candidate to which R gave money,"(1980,1982:
What about other political contributions. Did you give
any money 
this year to a candidate running for publi",1-7,,"1980, 1982, 1984, 1986, 1988, 1990, 1992, 1994, 1996, 1998, 2000, 2004, 2008, 2012, 2016, 2020",Yes,6
VCF9264,What was the political party to which R gave money,"(1972,1974:
Did you give any money to a political party this
year?
1976:
Did you give any money to a political party or ",1-7,,"1972, 1974, 1976, 1980, 1982, 1984, 1986, 1988, 1990, 1992, 1994, 1996, 1998, 2000, 2004, 2008, 2012, 2016, 2020",Yes,6
VCF9265,PRE-ELECTION: Did R vote in the state Presidential primary election or caucus,"1972: 
How about the primary election this year. Did you vote
in a
Presidential primary this spring or summer?
1976: 
Di",1-2,,"1968, 1972, 1976, 1980, 1988, 1992, 2008, 2012, 2016, 2020",No,4
VCF9266,(HISPANIC Rs) For information about politics does R get the most information fro,"For information about politics would you say you get the
most
information from Spanish-language television, radio, and
n",1-7,,"2008, 2012, 2016, 2020",No,6
VCF9267,Thermometer for: Muslims,"How would you rate:
Muslims
{PROBE FOR “DON’T KNOW” RESPONSE: when
you say don’t know
do you mean that you don’t know wh",,,"2004, 2008, 2012, 2016, 2020, 2024",Yes,3
VCF9268,Thermometer for: rich people,"How would you rate:
rich people
{PROBE FOR “DON’T KNOW” RESPONSE:
when you say don’t know
do you mean that you don’t kno",,,"1998, 2004, 2008, 2012, 2016",Yes,3
VCF9269,Thermometer for: Christians,"How would you rate:
Christians
{PROBE FOR “DON’T KNOW” RESPONSE:
when you say don’t know
do you mean that you don’t know",,,"2008, 2012, 2016, 2020, 2024",Yes,3
VCF9270,Hardworking-lazy (7pt) scale placement for whites,"Now I have some questions about different
groups in our society. I’m
going to show you a seven-point
scale on which the ",1-7,,"1992, 1996, 2000, 2004, 2008, 2012, 2016, 2020, 2024",Yes,4
VCF9271,Hardworking-lazy (7pt) scale placement for blacks,"(Now I have some questions about different
groups in our society. I’m
going to show you a seven-point
scale on which the",1-7,,"1992, 1996, 2000, 2004, 2008, 2012, 2016, 2020, 2024",Yes,4
VCF9272,Hardworking-lazy (7pt) scale placement for Hispanic-Americans,"(Now I have some questions about different
groups in our society. I’m
going to show you a seven-point
scale on which the",1-7,,"1992, 1996, 2000, 2004, 2008, 2012, 2016, 2020, 2024",Yes,4
VCF9273,Hardworking-lazy (7pt) scale placement for Asian Americans,"(Now I have some questions about different
groups in our society. I’m
going to show you a seven-point
scale on which the",1-7,,"1992, 2000, 2004, 2008, 2012, 2016, 2020, 2024",Yes,4
VCF9274,"In American life and politics, do blacks have too much, about the right amount o","ALL YEARS:
Some people think that certain groups have too much
influence 
in American life and politics, while other peo",1-3,,"1972, 1974, 1976, 2000, 2012",Yes,5
VCF9275,"In American politics, do blacks have too much, about the right amount of, or too","Would you say that blacks have too much influence in American

politics, just about the right amount of influence in Ame",1-3,,"2008, 2012, 2016, 2020",No,5
VCF9277,"Does working/temporarily laid off R work for someone else, self, or what","Do you work for someone else, are you self-employed, or what?",1-3,,"1986, 1988, 1990, 1992, 1994, 1996, 1998, 2000, 2004, 2008, 2012, 2016",Yes,5
VCF9278,"Does working/temporarily laid off R work for the federal, state, or local govern","Are you employed by a federal, state or local government?",1-2,,"1986, 1988, 1990, 1992, 1994, 1996, 1998, 2000, 2004, 2008, 2012, 2016",Yes,4
VCF9279,"Does R consider self to be heterosexual or straight, homosexual or [gay/lesbian]","Do you consider yourself to be heterosexual or straight,
homosexual
or gay (or lesbian), or bisexual?",1-4,,"2008, 2012, 2016, 2020, 2024",Yes,5
VCF9280,Does R know anyone among family and friends who is bisexual or gay,"Among your immediate family members, relatives,
neighbors,
co-workers, or close friends, are any of them gay,
lesbian, o",1-2,,"2008, 2012, 2016, 2020, 2024",Yes,4
VCF9281,Does R have any (1994: some) kind of health insurance,Do you presently have any (1974: some) kind of health insurance?,1-2,,"1992, 1994, 2004, 2008, 2012, 2016, 2020, 2024",No,4
VCF9282,Is R living with family members,Are you living at home with one or more persons who are family members?,1-2,,"2008, 2012, 2016, 2020",No,4
VCF9999,Weight: post-election weight full sample,,,,"1996, 2000, 2002, 2004, 2008, 2016, 2020, 2024",Yes,0
Version,Version Number Of Release,,,,,No,0
